﻿<?xml version="1.0" encoding="UTF-8"?>
<plist>
<dict>

  <!--服务器 -->
  <key>server</key>  
  <string>服务器：</string>
  <!--服务器名称 -->
  <key>server_name</key>
  <string>格斗%d区</string>
  <!--切换服务器 -->
  <key>server_change</key>
  <string>切换</string>
  <!--进入游戏 -->
  <key>start</key>
  <string>进入游戏</string>

  <!--登录 -->
  <key>login</key>
  <string>登录</string>
  <!--注册 -->
  <key>register</key>
  <string>注册</string>
  
</dict>
</plist>