{
  "classname": null,
  "name": null,
  "animation": {
    "classname": null,
    "name": "AnimationManager",
    "actionlist": []
  },
  "dataScale": 1,
  "designHeight": 480,
  "designWidth": 720,
  "textures": [
    "LoginUI_part1.plist",
    "LoginUI_part2.plist",
    "MainUI_part2.plist",
    "MainUI_part3.plist",
    "main_scene_ui.plist",
    "UIFrame.plist",
    "UIFrame2.plist"
  ],
  "version": "1.2.0.1",
  "widgetTree": {
    "classname": "Panel",
    "name": null,
    "children": [
      {
        "classname": "Button",
        "name": null,
        "children": [
          {
            "classname": "ImageView",
            "name": null,
            "children": [],
            "options": {
              "__type": "ComGUIImageViewSurrogate:#EditorCommon.JsonModel.Component.GUI",
              "classname": "ImageView",
              "name": "Botton_Img",
              "ZOrder": 0,
              "actiontag": 3832,
              "anchorPointX": 0.5,
              "anchorPointY": 0.5,
              "classType": null,
              "colorB": 255,
              "colorG": 255,
              "colorR": 255,
              "flipX": false,
              "flipY": false,
              "height": 74,
              "ignoreSize": true,
              "layoutParameter": null,
              "opacity": 255,
              "positionPercentX": 0.00865799,
              "positionPercentY": -0.36523816,
              "positionType": 0,
              "rotation": 0,
              "scaleX": 0.6999999,
              "scaleY": 0.6999999,
              "sizePercentX": 0.4848485,
              "sizePercentY": 0.266666681,
              "sizeType": 0,
              "tag": 519,
              "touchAble": false,
              "useMergedTexture": false,
              "visible": true,
              "width": 205,
              "x": 1,
              "y": -109,
              "capInsetsHeight": 0,
              "capInsetsWidth": 0,
              "capInsetsX": 0,
              "capInsetsY": 0,
              "fileName": null,
              "fileNameData": {
                "path": "RoleSelect_lampstand.png",
                "plistFile": "LoginUI_part1.plist",
                "resourceType": 1
              },
              "scale9Enable": false,
              "scale9Height": 74,
              "scale9Width": 205
            }
          },
          {
            "classname": "Panel",
            "name": null,
            "children": [
              {
                "classname": "Label",
                "name": null,
                "children": [],
                "options": {
                  "__type": "ComGUILabelSurrogate:#EditorCommon.JsonModel.Component.GUI",
                  "classname": "Label",
                  "name": "Name_Lable",
                  "ZOrder": 2,
                  "actiontag": 3834,
                  "anchorPointX": 0.5,
                  "anchorPointY": 0.5,
                  "classType": null,
                  "colorB": 255,
                  "colorG": 255,
                  "colorR": 255,
                  "flipX": false,
                  "flipY": false,
                  "height": 27,
                  "ignoreSize": true,
                  "layoutParameter": null,
                  "opacity": 255,
                  "positionPercentX": 0.491958469,
                  "positionPercentY": 0.0684316,
                  "positionType": 0,
                  "rotation": 0,
                  "scaleX": 1,
                  "scaleY": 1,
                  "sizePercentX": 0.629139066,
                  "sizePercentY": 0.09440559,
                  "sizeType": 0,
                  "tag": 524,
                  "touchAble": false,
                  "useMergedTexture": false,
                  "visible": true,
                  "width": 95,
                  "x": 74,
                  "y": 19,
                  "areaHeight": 0,
                  "areaWidth": 0,
                  "fontFile": null,
                  "fontName": "微软雅黑",
                  "fontSize": 23,
                  "hAlignment": 0,
                  "text": "鸣人",
                  "touchScaleEnable": false,
                  "vAlignment": 0
                }
              },
              {
                "classname": "ImageView",
                "name": null,
                "children": [],
                "options": {
                  "__type": "ComGUIImageViewSurrogate:#EditorCommon.JsonModel.Component.GUI",
                  "classname": "ImageView",
                  "name": "Name_Bg",
                  "ZOrder": 1,
                  "actiontag": 3835,
                  "anchorPointX": 0.5,
                  "anchorPointY": 0.5,
                  "classType": null,
                  "colorB": 0,
                  "colorG": 0,
                  "colorR": 0,
                  "flipX": false,
                  "flipY": false,
                  "height": 67,
                  "ignoreSize": true,
                  "layoutParameter": null,
                  "opacity": 255,
                  "positionPercentX": 0.491958261,
                  "positionPercentY": 0.07092908,
                  "positionType": 0,
                  "rotation": 0,
                  "scaleX": 0.399999917,
                  "scaleY": 0.4999999,
                  "sizePercentX": 0.5298013,
                  "sizePercentY": 0.279720277,
                  "sizeType": 0,
                  "tag": 525,
                  "touchAble": false,
                  "useMergedTexture": false,
                  "visible": true,
                  "width": 356,
                  "x": 74,
                  "y": 20,
                  "capInsetsHeight": 0,
                  "capInsetsWidth": 0,
                  "capInsetsX": 0,
                  "capInsetsY": 0,
                  "fileName": null,
                  "fileNameData": {
                    "path": "Creation_Title_Frame.png",
                    "plistFile": "LoginUI_part1.plist",
                    "resourceType": 1
                  },
                  "scale9Enable": false,
                  "scale9Height": 67,
                  "scale9Width": 356
                }
              },
              {
                "classname": "Label",
                "name": null,
                "children": [],
                "options": {
                  "__type": "ComGUILabelSurrogate:#EditorCommon.JsonModel.Component.GUI",
                  "classname": "Label",
                  "name": "Lv_Lable",
                  "ZOrder": 0,
                  "actiontag": 3836,
                  "anchorPointX": 0.5,
                  "anchorPointY": 0.5,
                  "classType": null,
                  "colorB": 255,
                  "colorG": 255,
                  "colorR": 255,
                  "flipX": false,
                  "flipY": false,
                  "height": 27,
                  "ignoreSize": true,
                  "layoutParameter": null,
                  "opacity": 255,
                  "positionPercentX": 0.350047052,
                  "positionPercentY": 0.899101,
                  "positionType": 0,
                  "rotation": 0,
                  "scaleX": 1,
                  "scaleY": 1,
                  "sizePercentX": 0.629139066,
                  "sizePercentY": 0.09440559,
                  "sizeType": 0,
                  "tag": 526,
                  "touchAble": false,
                  "useMergedTexture": false,
                  "visible": true,
                  "width": 95,
                  "x": 52,
                  "y": 257,
                  "areaHeight": 0,
                  "areaWidth": 0,
                  "fontFile": null,
                  "fontName": "微软雅黑",
                  "fontSize": 20,
                  "hAlignment": 0,
                  "text": "Lv 38",
                  "touchScaleEnable": false,
                  "vAlignment": 0
                }
              },
              {
                "classname": "ImageView",
                "name": null,
                "children": [],
                "options": {
                  "__type": "ComGUIImageViewSurrogate:#EditorCommon.JsonModel.Component.GUI",
                  "classname": "ImageView",
                  "name": "Job_Bg",
                  "ZOrder": 0,
                  "actiontag": 3837,
                  "anchorPointX": 0.5,
                  "anchorPointY": 0.5,
                  "classType": null,
                  "colorB": 0,
                  "colorG": 0,
                  "colorR": 0,
                  "flipX": false,
                  "flipY": false,
                  "height": 63,
                  "ignoreSize": true,
                  "layoutParameter": null,
                  "opacity": 255,
                  "positionPercentX": 0.8136236,
                  "positionPercentY": 0.8956046,
                  "positionType": 0,
                  "rotation": 0,
                  "scaleX": 0.4999999,
                  "scaleY": 0.4999999,
                  "sizePercentX": 0.5298013,
                  "sizePercentY": 0.279720277,
                  "sizeType": 0,
                  "tag": 527,
                  "touchAble": false,
                  "useMergedTexture": false,
                  "visible": true,
                  "width": 107,
                  "x": 122,
                  "y": 256,
                  "capInsetsHeight": 0,
                  "capInsetsWidth": 0,
                  "capInsetsX": 0,
                  "capInsetsY": 0,
                  "fileName": null,
                  "fileNameData": {
                    "path": "Creation_TopTextFrame.png",
                    "plistFile": "LoginUI_part1.plist",
                    "resourceType": 1
                  },
                  "scale9Enable": false,
                  "scale9Height": 63,
                  "scale9Width": 107
                }
              },
              {
                "classname": "ImageView",
                "name": null,
                "children": [],
                "options": {
                  "__type": "ComGUIImageViewSurrogate:#EditorCommon.JsonModel.Component.GUI",
                  "classname": "ImageView",
                  "name": "Job",
                  "ZOrder": 0,
                  "actiontag": 3838,
                  "anchorPointX": 0.5,
                  "anchorPointY": 0.5,
                  "classType": null,
                  "colorB": 255,
                  "colorG": 255,
                  "colorR": 255,
                  "flipX": false,
                  "flipY": false,
                  "height": 70,
                  "ignoreSize": true,
                  "layoutParameter": null,
                  "opacity": 255,
                  "positionPercentX": 0.812677443,
                  "positionPercentY": 0.904595554,
                  "positionType": 0,
                  "rotation": 0,
                  "scaleX": 0.6999999,
                  "scaleY": 0.6999999,
                  "sizePercentX": 0.5298013,
                  "sizePercentY": 0.279720277,
                  "sizeType": 0,
                  "tag": 528,
                  "touchAble": false,
                  "useMergedTexture": false,
                  "visible": true,
                  "width": 35,
                  "x": 122,
                  "y": 258,
                  "capInsetsHeight": 0,
                  "capInsetsWidth": 0,
                  "capInsetsX": 0,
                  "capInsetsY": 0,
                  "fileName": null,
                  "fileNameData": {
                    "path": "Jianshi_Shu.png",
                    "plistFile": "LoginUI_part1.plist",
                    "resourceType": 1
                  },
                  "scale9Enable": false,
                  "scale9Height": 70,
                  "scale9Width": 35
                }
              }
            ],
            "options": {
              "__type": "ComGUIPanelSurrogate:#EditorCommon.JsonModel.Component.GUI",
              "classname": "Panel",
              "name": "Char_Info",
              "ZOrder": 0,
              "actiontag": 3833,
              "anchorPointX": 0,
              "anchorPointY": 0,
              "classType": null,
              "colorB": 255,
              "colorG": 255,
              "colorR": 255,
              "flipX": false,
              "flipY": false,
              "height": 286,
              "ignoreSize": false,
              "layoutParameter": null,
              "opacity": 255,
              "positionPercentX": -0.45627737,
              "positionPercentY": -0.470000148,
              "positionType": 0,
              "rotation": 0,
              "scaleX": 1,
              "scaleY": 1,
              "sizePercentX": 0.915151536,
              "sizePercentY": 0.9533333,
              "sizeType": 0,
              "tag": 523,
              "touchAble": false,
              "useMergedTexture": false,
              "visible": false,
              "width": 151,
              "x": -75,
              "y": -141,
              "backGroundImage": null,
              "backGroundImageData": null,
              "backGroundScale9Enable": false,
              "bgColorB": 255,
              "bgColorG": 200,
              "bgColorOpacity": 100,
              "bgColorR": 150,
              "bgEndColorB": 255,
              "bgEndColorG": 200,
              "bgEndColorR": 150,
              "bgStartColorB": 255,
              "bgStartColorG": 255,
              "bgStartColorR": 255,
              "capInsetsHeight": 0,
              "capInsetsWidth": 0,
              "capInsetsX": 0,
              "capInsetsY": 0,
              "clipAble": false,
              "colorType": 0,
              "layoutType": 0,
              "vectorX": 0,
              "vectorY": -0.5
            }
          }
        ],
        "options": {
          "__type": "ComGUIButtonSurrogate:#EditorCommon.JsonModel.Component.GUI",
          "classname": "Button",
          "name": "Btn_Char_3",
          "ZOrder": 6,
          "actiontag": 3831,
          "anchorPointX": 0.5,
          "anchorPointY": 0.5,
          "classType": null,
          "colorB": 255,
          "colorG": 255,
          "colorR": 255,
          "flipX": false,
          "flipY": false,
          "height": 300,
          "ignoreSize": false,
          "layoutParameter": null,
          "opacity": 255,
          "positionPercentX": 0.8103448,
          "positionPercentY": 0.495238125,
          "positionType": 0,
          "rotation": 0,
          "scaleX": 1,
          "scaleY": 1,
          "sizePercentX": 0.284482747,
          "sizePercentY": 1,
          "sizeType": 0,
          "tag": 529,
          "touchAble": true,
          "useMergedTexture": false,
          "visible": true,
          "width": 165,
          "x": 470,
          "y": 148,
          "capInsetsHeight": 0,
          "capInsetsWidth": 0,
          "capInsetsX": 0,
          "capInsetsY": 0,
          "disabled": null,
          "disabledData": {
            "path": null,
            "plistFile": null,
            "resourceType": 0
          },
          "fontName": "微软雅黑",
          "fontSize": 14,
          "fontType": 0,
          "normal": null,
          "normalData": {
            "path": "StarUI_LeftFrame.png",
            "plistFile": "UIFrame.plist",
            "resourceType": 1
          },
          "pressed": null,
          "pressedData": {
            "path": "StarUI_LeftFrame.png",
            "plistFile": "UIFrame.plist",
            "resourceType": 1
          },
          "scale9Enable": true,
          "scale9Height": 300,
          "scale9Width": 165,
          "text": "",
          "textColorB": 255,
          "textColorG": 255,
          "textColorR": 255
        }
      },
      {
        "classname": "Button",
        "name": null,
        "children": [
          {
            "classname": "ImageView",
            "name": null,
            "children": [],
            "options": {
              "__type": "ComGUIImageViewSurrogate:#EditorCommon.JsonModel.Component.GUI",
              "classname": "ImageView",
              "name": "Botton_Img",
              "ZOrder": 0,
              "actiontag": 3824,
              "anchorPointX": 0.5,
              "anchorPointY": 0.5,
              "classType": null,
              "colorB": 255,
              "colorG": 255,
              "colorR": 255,
              "flipX": false,
              "flipY": false,
              "height": 74,
              "ignoreSize": true,
              "layoutParameter": null,
              "opacity": 255,
              "positionPercentX": 0.00865799,
              "positionPercentY": -0.36523816,
              "positionType": 0,
              "rotation": 0,
              "scaleX": 0.6999999,
              "scaleY": 0.6999999,
              "sizePercentX": 0.4848485,
              "sizePercentY": 0.266666681,
              "sizeType": 0,
              "tag": 519,
              "touchAble": false,
              "useMergedTexture": false,
              "visible": true,
              "width": 205,
              "x": 1,
              "y": -109,
              "capInsetsHeight": 0,
              "capInsetsWidth": 0,
              "capInsetsX": 0,
              "capInsetsY": 0,
              "fileName": null,
              "fileNameData": {
                "path": "RoleSelect_lampstand.png",
                "plistFile": "LoginUI_part1.plist",
                "resourceType": 1
              },
              "scale9Enable": false,
              "scale9Height": 74,
              "scale9Width": 205
            }
          },
          {
            "classname": "Panel",
            "name": null,
            "children": [
              {
                "classname": "Label",
                "name": null,
                "children": [],
                "options": {
                  "__type": "ComGUILabelSurrogate:#EditorCommon.JsonModel.Component.GUI",
                  "classname": "Label",
                  "name": "Name_Lable",
                  "ZOrder": 2,
                  "actiontag": 3826,
                  "anchorPointX": 0.5,
                  "anchorPointY": 0.5,
                  "classType": null,
                  "colorB": 255,
                  "colorG": 255,
                  "colorR": 255,
                  "flipX": false,
                  "flipY": false,
                  "height": 27,
                  "ignoreSize": true,
                  "layoutParameter": null,
                  "opacity": 255,
                  "positionPercentX": 0.491958469,
                  "positionPercentY": 0.0684316,
                  "positionType": 0,
                  "rotation": 0,
                  "scaleX": 1,
                  "scaleY": 1,
                  "sizePercentX": 0.629139066,
                  "sizePercentY": 0.09440559,
                  "sizeType": 0,
                  "tag": 524,
                  "touchAble": false,
                  "useMergedTexture": false,
                  "visible": true,
                  "width": 95,
                  "x": 74,
                  "y": 19,
                  "areaHeight": 0,
                  "areaWidth": 0,
                  "fontFile": null,
                  "fontName": "微软雅黑",
                  "fontSize": 23,
                  "hAlignment": 0,
                  "text": "鸣人",
                  "touchScaleEnable": false,
                  "vAlignment": 0
                }
              },
              {
                "classname": "ImageView",
                "name": null,
                "children": [],
                "options": {
                  "__type": "ComGUIImageViewSurrogate:#EditorCommon.JsonModel.Component.GUI",
                  "classname": "ImageView",
                  "name": "Name_Bg",
                  "ZOrder": 0,
                  "actiontag": 3827,
                  "anchorPointX": 0.5,
                  "anchorPointY": 0.5,
                  "classType": null,
                  "colorB": 0,
                  "colorG": 0,
                  "colorR": 0,
                  "flipX": false,
                  "flipY": false,
                  "height": 67,
                  "ignoreSize": true,
                  "layoutParameter": null,
                  "opacity": 255,
                  "positionPercentX": 0.491958261,
                  "positionPercentY": 0.07092908,
                  "positionType": 0,
                  "rotation": 0,
                  "scaleX": 0.399999917,
                  "scaleY": 0.4999999,
                  "sizePercentX": 0.5298013,
                  "sizePercentY": 0.279720277,
                  "sizeType": 0,
                  "tag": 525,
                  "touchAble": false,
                  "useMergedTexture": false,
                  "visible": true,
                  "width": 356,
                  "x": 74,
                  "y": 20,
                  "capInsetsHeight": 0,
                  "capInsetsWidth": 0,
                  "capInsetsX": 0,
                  "capInsetsY": 0,
                  "fileName": null,
                  "fileNameData": {
                    "path": "Creation_Title_Frame.png",
                    "plistFile": "LoginUI_part1.plist",
                    "resourceType": 1
                  },
                  "scale9Enable": false,
                  "scale9Height": 67,
                  "scale9Width": 356
                }
              },
              {
                "classname": "Label",
                "name": null,
                "children": [],
                "options": {
                  "__type": "ComGUILabelSurrogate:#EditorCommon.JsonModel.Component.GUI",
                  "classname": "Label",
                  "name": "Lv_Lable",
                  "ZOrder": 0,
                  "actiontag": 3828,
                  "anchorPointX": 0.5,
                  "anchorPointY": 0.5,
                  "classType": null,
                  "colorB": 255,
                  "colorG": 255,
                  "colorR": 255,
                  "flipX": false,
                  "flipY": false,
                  "height": 27,
                  "ignoreSize": true,
                  "layoutParameter": null,
                  "opacity": 255,
                  "positionPercentX": 0.350047052,
                  "positionPercentY": 0.899101,
                  "positionType": 0,
                  "rotation": 0,
                  "scaleX": 1,
                  "scaleY": 1,
                  "sizePercentX": 0.629139066,
                  "sizePercentY": 0.09440559,
                  "sizeType": 0,
                  "tag": 526,
                  "touchAble": false,
                  "useMergedTexture": false,
                  "visible": true,
                  "width": 95,
                  "x": 52,
                  "y": 257,
                  "areaHeight": 0,
                  "areaWidth": 0,
                  "fontFile": null,
                  "fontName": "微软雅黑",
                  "fontSize": 20,
                  "hAlignment": 0,
                  "text": "Lv 38",
                  "touchScaleEnable": false,
                  "vAlignment": 0
                }
              },
              {
                "classname": "ImageView",
                "name": null,
                "children": [],
                "options": {
                  "__type": "ComGUIImageViewSurrogate:#EditorCommon.JsonModel.Component.GUI",
                  "classname": "ImageView",
                  "name": "Job_Bg",
                  "ZOrder": 0,
                  "actiontag": 3829,
                  "anchorPointX": 0.5,
                  "anchorPointY": 0.5,
                  "classType": null,
                  "colorB": 0,
                  "colorG": 0,
                  "colorR": 0,
                  "flipX": false,
                  "flipY": false,
                  "height": 63,
                  "ignoreSize": true,
                  "layoutParameter": null,
                  "opacity": 255,
                  "positionPercentX": 0.8136236,
                  "positionPercentY": 0.8956046,
                  "positionType": 0,
                  "rotation": 0,
                  "scaleX": 0.4999999,
                  "scaleY": 0.4999999,
                  "sizePercentX": 0.5298013,
                  "sizePercentY": 0.279720277,
                  "sizeType": 0,
                  "tag": 527,
                  "touchAble": false,
                  "useMergedTexture": false,
                  "visible": true,
                  "width": 107,
                  "x": 122,
                  "y": 256,
                  "capInsetsHeight": 0,
                  "capInsetsWidth": 0,
                  "capInsetsX": 0,
                  "capInsetsY": 0,
                  "fileName": null,
                  "fileNameData": {
                    "path": "Creation_TopTextFrame.png",
                    "plistFile": "LoginUI_part1.plist",
                    "resourceType": 1
                  },
                  "scale9Enable": false,
                  "scale9Height": 63,
                  "scale9Width": 107
                }
              },
              {
                "classname": "ImageView",
                "name": null,
                "children": [],
                "options": {
                  "__type": "ComGUIImageViewSurrogate:#EditorCommon.JsonModel.Component.GUI",
                  "classname": "ImageView",
                  "name": "Job",
                  "ZOrder": 0,
                  "actiontag": 3830,
                  "anchorPointX": 0.5,
                  "anchorPointY": 0.5,
                  "classType": null,
                  "colorB": 255,
                  "colorG": 255,
                  "colorR": 255,
                  "flipX": false,
                  "flipY": false,
                  "height": 70,
                  "ignoreSize": true,
                  "layoutParameter": null,
                  "opacity": 255,
                  "positionPercentX": 0.812677443,
                  "positionPercentY": 0.904595554,
                  "positionType": 0,
                  "rotation": 0,
                  "scaleX": 0.6999999,
                  "scaleY": 0.6999999,
                  "sizePercentX": 0.5298013,
                  "sizePercentY": 0.279720277,
                  "sizeType": 0,
                  "tag": 528,
                  "touchAble": false,
                  "useMergedTexture": false,
                  "visible": true,
                  "width": 35,
                  "x": 122,
                  "y": 258,
                  "capInsetsHeight": 0,
                  "capInsetsWidth": 0,
                  "capInsetsX": 0,
                  "capInsetsY": 0,
                  "fileName": null,
                  "fileNameData": {
                    "path": "Jianshi_Shu.png",
                    "plistFile": "LoginUI_part1.plist",
                    "resourceType": 1
                  },
                  "scale9Enable": false,
                  "scale9Height": 70,
                  "scale9Width": 35
                }
              }
            ],
            "options": {
              "__type": "ComGUIPanelSurrogate:#EditorCommon.JsonModel.Component.GUI",
              "classname": "Panel",
              "name": "Char_Info",
              "ZOrder": 0,
              "actiontag": 3825,
              "anchorPointX": 0,
              "anchorPointY": 0,
              "classType": null,
              "colorB": 255,
              "colorG": 255,
              "colorR": 255,
              "flipX": false,
              "flipY": false,
              "height": 286,
              "ignoreSize": false,
              "layoutParameter": null,
              "opacity": 255,
              "positionPercentX": -0.45627737,
              "positionPercentY": -0.470000148,
              "positionType": 0,
              "rotation": 0,
              "scaleX": 1,
              "scaleY": 1,
              "sizePercentX": 0.915151536,
              "sizePercentY": 0.9533333,
              "sizeType": 0,
              "tag": 523,
              "touchAble": false,
              "useMergedTexture": false,
              "visible": true,
              "width": 151,
              "x": -75,
              "y": -141,
              "backGroundImage": null,
              "backGroundImageData": null,
              "backGroundScale9Enable": false,
              "bgColorB": 255,
              "bgColorG": 200,
              "bgColorOpacity": 100,
              "bgColorR": 150,
              "bgEndColorB": 255,
              "bgEndColorG": 200,
              "bgEndColorR": 150,
              "bgStartColorB": 255,
              "bgStartColorG": 255,
              "bgStartColorR": 255,
              "capInsetsHeight": 0,
              "capInsetsWidth": 0,
              "capInsetsX": 0,
              "capInsetsY": 0,
              "clipAble": false,
              "colorType": 0,
              "layoutType": 0,
              "vectorX": 0,
              "vectorY": -0.5
            }
          }
        ],
        "options": {
          "__type": "ComGUIButtonSurrogate:#EditorCommon.JsonModel.Component.GUI",
          "classname": "Button",
          "name": "Btn_Char_2",
          "ZOrder": 6,
          "actiontag": 3823,
          "anchorPointX": 0.5,
          "anchorPointY": 0.5,
          "classType": null,
          "colorB": 255,
          "colorG": 255,
          "colorR": 255,
          "flipX": false,
          "flipY": false,
          "height": 300,
          "ignoreSize": false,
          "layoutParameter": null,
          "opacity": 255,
          "positionPercentX": 0.5,
          "positionPercentY": 0.495238125,
          "positionType": 0,
          "rotation": 0,
          "scaleX": 1,
          "scaleY": 1,
          "sizePercentX": 0.284482747,
          "sizePercentY": 1,
          "sizeType": 0,
          "tag": 529,
          "touchAble": true,
          "useMergedTexture": false,
          "visible": true,
          "width": 165,
          "x": 290,
          "y": 148,
          "capInsetsHeight": 0,
          "capInsetsWidth": 0,
          "capInsetsX": 0,
          "capInsetsY": 0,
          "disabled": null,
          "disabledData": {
            "path": null,
            "plistFile": null,
            "resourceType": 0
          },
          "fontName": "微软雅黑",
          "fontSize": 14,
          "fontType": 0,
          "normal": null,
          "normalData": {
            "path": "StarUI_LeftFrame.png",
            "plistFile": "UIFrame.plist",
            "resourceType": 1
          },
          "pressed": null,
          "pressedData": {
            "path": "StarUI_LeftFrame.png",
            "plistFile": "UIFrame.plist",
            "resourceType": 1
          },
          "scale9Enable": true,
          "scale9Height": 300,
          "scale9Width": 165,
          "text": "",
          "textColorB": 255,
          "textColorG": 255,
          "textColorR": 255
        }
      },
      {
        "classname": "Button",
        "name": null,
        "children": [
          {
            "classname": "ImageView",
            "name": null,
            "children": [],
            "options": {
              "__type": "ComGUIImageViewSurrogate:#EditorCommon.JsonModel.Component.GUI",
              "classname": "ImageView",
              "name": "Botton_Img",
              "ZOrder": 0,
              "actiontag": 3812,
              "anchorPointX": 0.5,
              "anchorPointY": 0.5,
              "classType": null,
              "colorB": 255,
              "colorG": 255,
              "colorR": 255,
              "flipX": false,
              "flipY": false,
              "height": 74,
              "ignoreSize": true,
              "layoutParameter": null,
              "opacity": 255,
              "positionPercentX": 0.00865799,
              "positionPercentY": -0.36523816,
              "positionType": 0,
              "rotation": 0,
              "scaleX": 0.6999999,
              "scaleY": 0.6999999,
              "sizePercentX": 0.4848485,
              "sizePercentY": 0.266666681,
              "sizeType": 0,
              "tag": 519,
              "touchAble": false,
              "useMergedTexture": false,
              "visible": true,
              "width": 205,
              "x": 1,
              "y": -109,
              "capInsetsHeight": 0,
              "capInsetsWidth": 0,
              "capInsetsX": 0,
              "capInsetsY": 0,
              "fileName": null,
              "fileNameData": {
                "path": "RoleSelect_lampstand.png",
                "plistFile": "LoginUI_part1.plist",
                "resourceType": 1
              },
              "scale9Enable": false,
              "scale9Height": 74,
              "scale9Width": 205
            }
          },
          {
            "classname": "Panel",
            "name": null,
            "children": [
              {
                "classname": "Label",
                "name": null,
                "children": [],
                "options": {
                  "__type": "ComGUILabelSurrogate:#EditorCommon.JsonModel.Component.GUI",
                  "classname": "Label",
                  "name": "Name_Lable",
                  "ZOrder": 2,
                  "actiontag": 3817,
                  "anchorPointX": 0.5,
                  "anchorPointY": 0.5,
                  "classType": null,
                  "colorB": 255,
                  "colorG": 255,
                  "colorR": 255,
                  "flipX": false,
                  "flipY": false,
                  "height": 27,
                  "ignoreSize": true,
                  "layoutParameter": null,
                  "opacity": 255,
                  "positionPercentX": 0.491958469,
                  "positionPercentY": 0.0684316,
                  "positionType": 0,
                  "rotation": 0,
                  "scaleX": 1,
                  "scaleY": 1,
                  "sizePercentX": 0.629139066,
                  "sizePercentY": 0.09440559,
                  "sizeType": 0,
                  "tag": 524,
                  "touchAble": false,
                  "useMergedTexture": false,
                  "visible": true,
                  "width": 95,
                  "x": 74,
                  "y": 19,
                  "areaHeight": 0,
                  "areaWidth": 0,
                  "fontFile": null,
                  "fontName": "微软雅黑",
                  "fontSize": 23,
                  "hAlignment": 0,
                  "text": "鸣人",
                  "touchScaleEnable": false,
                  "vAlignment": 0
                }
              },
              {
                "classname": "ImageView",
                "name": null,
                "children": [],
                "options": {
                  "__type": "ComGUIImageViewSurrogate:#EditorCommon.JsonModel.Component.GUI",
                  "classname": "ImageView",
                  "name": "Name_Bg",
                  "ZOrder": 0,
                  "actiontag": 3818,
                  "anchorPointX": 0.5,
                  "anchorPointY": 0.5,
                  "classType": null,
                  "colorB": 0,
                  "colorG": 0,
                  "colorR": 0,
                  "flipX": false,
                  "flipY": false,
                  "height": 67,
                  "ignoreSize": true,
                  "layoutParameter": null,
                  "opacity": 255,
                  "positionPercentX": 0.491958261,
                  "positionPercentY": 0.07092908,
                  "positionType": 0,
                  "rotation": 0,
                  "scaleX": 0.399999917,
                  "scaleY": 0.4999999,
                  "sizePercentX": 0.7350993,
                  "sizePercentY": 0.279720277,
                  "sizeType": 0,
                  "tag": 525,
                  "touchAble": false,
                  "useMergedTexture": false,
                  "visible": true,
                  "width": 356,
                  "x": 74,
                  "y": 20,
                  "capInsetsHeight": 0,
                  "capInsetsWidth": 0,
                  "capInsetsX": 0,
                  "capInsetsY": 0,
                  "fileName": null,
                  "fileNameData": {
                    "path": "Creation_Title_Frame.png",
                    "plistFile": "LoginUI_part1.plist",
                    "resourceType": 1
                  },
                  "scale9Enable": false,
                  "scale9Height": 67,
                  "scale9Width": 356
                }
              },
              {
                "classname": "Label",
                "name": null,
                "children": [],
                "options": {
                  "__type": "ComGUILabelSurrogate:#EditorCommon.JsonModel.Component.GUI",
                  "classname": "Label",
                  "name": "Lv_Lable",
                  "ZOrder": 0,
                  "actiontag": 3819,
                  "anchorPointX": 0.5,
                  "anchorPointY": 0.5,
                  "classType": null,
                  "colorB": 255,
                  "colorG": 255,
                  "colorR": 255,
                  "flipX": false,
                  "flipY": false,
                  "height": 27,
                  "ignoreSize": true,
                  "layoutParameter": null,
                  "opacity": 255,
                  "positionPercentX": 0.350047052,
                  "positionPercentY": 0.899101,
                  "positionType": 0,
                  "rotation": 0,
                  "scaleX": 1,
                  "scaleY": 1,
                  "sizePercentX": 0.629139066,
                  "sizePercentY": 0.09440559,
                  "sizeType": 0,
                  "tag": 526,
                  "touchAble": false,
                  "useMergedTexture": false,
                  "visible": true,
                  "width": 95,
                  "x": 52,
                  "y": 257,
                  "areaHeight": 0,
                  "areaWidth": 0,
                  "fontFile": null,
                  "fontName": "微软雅黑",
                  "fontSize": 20,
                  "hAlignment": 0,
                  "text": "Lv 38",
                  "touchScaleEnable": false,
                  "vAlignment": 0
                }
              },
              {
                "classname": "ImageView",
                "name": null,
                "children": [],
                "options": {
                  "__type": "ComGUIImageViewSurrogate:#EditorCommon.JsonModel.Component.GUI",
                  "classname": "ImageView",
                  "name": "Job_Bg",
                  "ZOrder": 0,
                  "actiontag": 3820,
                  "anchorPointX": 0.5,
                  "anchorPointY": 0.5,
                  "classType": null,
                  "colorB": 0,
                  "colorG": 0,
                  "colorR": 0,
                  "flipX": false,
                  "flipY": false,
                  "height": 63,
                  "ignoreSize": true,
                  "layoutParameter": null,
                  "opacity": 255,
                  "positionPercentX": 0.8136236,
                  "positionPercentY": 0.8956046,
                  "positionType": 0,
                  "rotation": 0,
                  "scaleX": 0.4999999,
                  "scaleY": 0.4999999,
                  "sizePercentX": 0.5298013,
                  "sizePercentY": 0.279720277,
                  "sizeType": 0,
                  "tag": 527,
                  "touchAble": false,
                  "useMergedTexture": false,
                  "visible": true,
                  "width": 107,
                  "x": 122,
                  "y": 256,
                  "capInsetsHeight": 0,
                  "capInsetsWidth": 0,
                  "capInsetsX": 0,
                  "capInsetsY": 0,
                  "fileName": null,
                  "fileNameData": {
                    "path": "Creation_TopTextFrame.png",
                    "plistFile": "LoginUI_part1.plist",
                    "resourceType": 1
                  },
                  "scale9Enable": false,
                  "scale9Height": 63,
                  "scale9Width": 107
                }
              },
              {
                "classname": "ImageView",
                "name": null,
                "children": [],
                "options": {
                  "__type": "ComGUIImageViewSurrogate:#EditorCommon.JsonModel.Component.GUI",
                  "classname": "ImageView",
                  "name": "Job",
                  "ZOrder": 0,
                  "actiontag": 3821,
                  "anchorPointX": 0.5,
                  "anchorPointY": 0.5,
                  "classType": null,
                  "colorB": 255,
                  "colorG": 255,
                  "colorR": 255,
                  "flipX": false,
                  "flipY": false,
                  "height": 70,
                  "ignoreSize": true,
                  "layoutParameter": null,
                  "opacity": 255,
                  "positionPercentX": 0.812677443,
                  "positionPercentY": 0.904595554,
                  "positionType": 0,
                  "rotation": 0,
                  "scaleX": 0.6999999,
                  "scaleY": 0.6999999,
                  "sizePercentX": 0.5298013,
                  "sizePercentY": 0.279720277,
                  "sizeType": 0,
                  "tag": 528,
                  "touchAble": false,
                  "useMergedTexture": false,
                  "visible": true,
                  "width": 35,
                  "x": 122,
                  "y": 258,
                  "capInsetsHeight": 0,
                  "capInsetsWidth": 0,
                  "capInsetsX": 0,
                  "capInsetsY": 0,
                  "fileName": null,
                  "fileNameData": {
                    "path": "Jianshi_Shu.png",
                    "plistFile": "LoginUI_part1.plist",
                    "resourceType": 1
                  },
                  "scale9Enable": false,
                  "scale9Height": 70,
                  "scale9Width": 35
                }
              }
            ],
            "options": {
              "__type": "ComGUIPanelSurrogate:#EditorCommon.JsonModel.Component.GUI",
              "classname": "Panel",
              "name": "Char_Info",
              "ZOrder": 0,
              "actiontag": 3816,
              "anchorPointX": 0,
              "anchorPointY": 0,
              "classType": null,
              "colorB": 255,
              "colorG": 255,
              "colorR": 255,
              "flipX": false,
              "flipY": false,
              "height": 286,
              "ignoreSize": false,
              "layoutParameter": null,
              "opacity": 255,
              "positionPercentX": -0.45627737,
              "positionPercentY": -0.470000148,
              "positionType": 0,
              "rotation": 0,
              "scaleX": 1,
              "scaleY": 1,
              "sizePercentX": 0.915151536,
              "sizePercentY": 0.9533333,
              "sizeType": 0,
              "tag": 523,
              "touchAble": false,
              "useMergedTexture": false,
              "visible": true,
              "width": 151,
              "x": -75,
              "y": -141,
              "backGroundImage": null,
              "backGroundImageData": null,
              "backGroundScale9Enable": false,
              "bgColorB": 255,
              "bgColorG": 200,
              "bgColorOpacity": 100,
              "bgColorR": 150,
              "bgEndColorB": 255,
              "bgEndColorG": 200,
              "bgEndColorR": 150,
              "bgStartColorB": 255,
              "bgStartColorG": 255,
              "bgStartColorR": 255,
              "capInsetsHeight": 0,
              "capInsetsWidth": 0,
              "capInsetsX": 0,
              "capInsetsY": 0,
              "clipAble": false,
              "colorType": 0,
              "layoutType": 0,
              "vectorX": 0,
              "vectorY": -0.5
            }
          }
        ],
        "options": {
          "__type": "ComGUIButtonSurrogate:#EditorCommon.JsonModel.Component.GUI",
          "classname": "Button",
          "name": "Btn_Char_1",
          "ZOrder": 3,
          "actiontag": 3822,
          "anchorPointX": 0.5,
          "anchorPointY": 0.5,
          "classType": null,
          "colorB": 255,
          "colorG": 255,
          "colorR": 255,
          "flipX": false,
          "flipY": false,
          "height": 300,
          "ignoreSize": false,
          "layoutParameter": null,
          "opacity": 255,
          "positionPercentX": 0.18965517,
          "positionPercentY": 0.495238125,
          "positionType": 0,
          "rotation": 0,
          "scaleX": 1,
          "scaleY": 1,
          "sizePercentX": 0.284482747,
          "sizePercentY": 1,
          "sizeType": 0,
          "tag": 529,
          "touchAble": true,
          "useMergedTexture": false,
          "visible": true,
          "width": 165,
          "x": 110,
          "y": 148,
          "capInsetsHeight": 0,
          "capInsetsWidth": 0,
          "capInsetsX": 0,
          "capInsetsY": 0,
          "disabled": null,
          "disabledData": {
            "path": null,
            "plistFile": null,
            "resourceType": 0
          },
          "fontName": "微软雅黑",
          "fontSize": 14,
          "fontType": 0,
          "normal": null,
          "normalData": {
            "path": "StarUI_LeftFrame.png",
            "plistFile": "UIFrame.plist",
            "resourceType": 1
          },
          "pressed": null,
          "pressedData": {
            "path": "StarUI_LeftFrame.png",
            "plistFile": "UIFrame.plist",
            "resourceType": 1
          },
          "scale9Enable": true,
          "scale9Height": 300,
          "scale9Width": 165,
          "text": "",
          "textColorB": 255,
          "textColorG": 255,
          "textColorR": 255
        }
      },
      {
        "classname": "ImageView",
        "name": null,
        "children": [
          {
            "classname": "ImageView",
            "name": null,
            "children": [],
            "options": {
              "__type": "ComGUIImageViewSurrogate:#EditorCommon.JsonModel.Component.GUI",
              "classname": "ImageView",
              "name": "Wid_4",
              "ZOrder": 2,
              "actiontag": 3843,
              "anchorPointX": 0.5,
              "anchorPointY": 0.5,
              "classType": null,
              "colorB": 255,
              "colorG": 255,
              "colorR": 255,
              "flipX": true,
              "flipY": true,
              "height": 34,
              "ignoreSize": true,
              "layoutParameter": null,
              "opacity": 255,
              "positionPercentX": -0.4666667,
              "positionPercentY": -0.479047656,
              "positionType": 0,
              "rotation": 0,
              "scaleX": 0.6999999,
              "scaleY": 0.6999999,
              "sizePercentX": 0.4848485,
              "sizePercentY": 0.266666681,
              "sizeType": 0,
              "tag": 547,
              "touchAble": false,
              "useMergedTexture": false,
              "visible": true,
              "width": 34,
              "x": -77,
              "y": -143,
              "capInsetsHeight": 0,
              "capInsetsWidth": 0,
              "capInsetsX": 0,
              "capInsetsY": 0,
              "fileName": null,
              "fileNameData": {
                "path": "RoleSelect_Select_Corner.png",
                "plistFile": "LoginUI_part1.plist",
                "resourceType": 1
              },
              "scale9Enable": false,
              "scale9Height": 34,
              "scale9Width": 34
            }
          },
          {
            "classname": "ImageView",
            "name": null,
            "children": [],
            "options": {
              "__type": "ComGUIImageViewSurrogate:#EditorCommon.JsonModel.Component.GUI",
              "classname": "ImageView",
              "name": "Wid_3",
              "ZOrder": 2,
              "actiontag": 3842,
              "anchorPointX": 0.5,
              "anchorPointY": 0.5,
              "classType": null,
              "colorB": 255,
              "colorG": 255,
              "colorR": 255,
              "flipX": false,
              "flipY": true,
              "height": 34,
              "ignoreSize": true,
              "layoutParameter": null,
              "opacity": 255,
              "positionPercentX": 0.464935124,
              "positionPercentY": -0.475238234,
              "positionType": 0,
              "rotation": 0,
              "scaleX": 0.6999999,
              "scaleY": 0.6999999,
              "sizePercentX": 0.4848485,
              "sizePercentY": 0.266666681,
              "sizeType": 0,
              "tag": 547,
              "touchAble": false,
              "useMergedTexture": false,
              "visible": true,
              "width": 34,
              "x": 76,
              "y": -142,
              "capInsetsHeight": 0,
              "capInsetsWidth": 0,
              "capInsetsX": 0,
              "capInsetsY": 0,
              "fileName": null,
              "fileNameData": {
                "path": "RoleSelect_Select_Corner.png",
                "plistFile": "LoginUI_part1.plist",
                "resourceType": 1
              },
              "scale9Enable": false,
              "scale9Height": 34,
              "scale9Width": 34
            }
          },
          {
            "classname": "ImageView",
            "name": null,
            "children": [],
            "options": {
              "__type": "ComGUIImageViewSurrogate:#EditorCommon.JsonModel.Component.GUI",
              "classname": "ImageView",
              "name": "Wid_2",
              "ZOrder": 2,
              "actiontag": 3841,
              "anchorPointX": 0.5,
              "anchorPointY": 0.5,
              "classType": null,
              "colorB": 255,
              "colorG": 255,
              "colorR": 255,
              "flipX": true,
              "flipY": false,
              "height": 34,
              "ignoreSize": true,
              "layoutParameter": null,
              "opacity": 255,
              "positionPercentX": -0.4735931,
              "positionPercentY": 0.475238025,
              "positionType": 0,
              "rotation": 0,
              "scaleX": 0.6999999,
              "scaleY": 0.6999999,
              "sizePercentX": 0.4848485,
              "sizePercentY": 0.266666681,
              "sizeType": 0,
              "tag": 547,
              "touchAble": false,
              "useMergedTexture": false,
              "visible": true,
              "width": 34,
              "x": -78,
              "y": 142,
              "capInsetsHeight": 0,
              "capInsetsWidth": 0,
              "capInsetsX": 0,
              "capInsetsY": 0,
              "fileName": null,
              "fileNameData": {
                "path": "RoleSelect_Select_Corner.png",
                "plistFile": "LoginUI_part1.plist",
                "resourceType": 1
              },
              "scale9Enable": false,
              "scale9Height": 34,
              "scale9Width": 34
            }
          },
          {
            "classname": "ImageView",
            "name": null,
            "children": [],
            "options": {
              "__type": "ComGUIImageViewSurrogate:#EditorCommon.JsonModel.Component.GUI",
              "classname": "ImageView",
              "name": "Wid_1",
              "ZOrder": 1,
              "actiontag": 3840,
              "anchorPointX": 0.5,
              "anchorPointY": 0.5,
              "classType": null,
              "colorB": 255,
              "colorG": 255,
              "colorR": 255,
              "flipX": false,
              "flipY": false,
              "height": 34,
              "ignoreSize": true,
              "layoutParameter": null,
              "opacity": 255,
              "positionPercentX": 0.467532545,
              "positionPercentY": 0.476190448,
              "positionType": 0,
              "rotation": 0,
              "scaleX": 0.6999999,
              "scaleY": 0.6999999,
              "sizePercentX": 0.4848485,
              "sizePercentY": 0.266666681,
              "sizeType": 0,
              "tag": 547,
              "touchAble": false,
              "useMergedTexture": false,
              "visible": true,
              "width": 34,
              "x": 77,
              "y": 142,
              "capInsetsHeight": 0,
              "capInsetsWidth": 0,
              "capInsetsX": 0,
              "capInsetsY": 0,
              "fileName": null,
              "fileNameData": {
                "path": "RoleSelect_Select_Corner.png",
                "plistFile": "LoginUI_part1.plist",
                "resourceType": 1
              },
              "scale9Enable": false,
              "scale9Height": 34,
              "scale9Width": 34
            }
          }
        ],
        "options": {
          "__type": "ComGUIImageViewSurrogate:#EditorCommon.JsonModel.Component.GUI",
          "classname": "ImageView",
          "name": "Select_Img",
          "ZOrder": 7,
          "actiontag": 3839,
          "anchorPointX": 0.5,
          "anchorPointY": 0.5,
          "classType": null,
          "colorB": 255,
          "colorG": 255,
          "colorR": 255,
          "flipX": false,
          "flipY": false,
          "height": 300,
          "ignoreSize": false,
          "layoutParameter": null,
          "opacity": 255,
          "positionPercentX": 0.189655244,
          "positionPercentY": 0.500476241,
          "positionType": 0,
          "rotation": 0,
          "scaleX": 1,
          "scaleY": 1,
          "sizePercentX": 0.284482747,
          "sizePercentY": 1,
          "sizeType": 0,
          "tag": 546,
          "touchAble": false,
          "useMergedTexture": false,
          "visible": false,
          "width": 165,
          "x": 110,
          "y": 150,
          "capInsetsHeight": 0,
          "capInsetsWidth": 0,
          "capInsetsX": 0,
          "capInsetsY": 0,
          "fileName": null,
          "fileNameData": {
            "path": "Chatting_Text_selected.png",
            "plistFile": "UIFrame2.plist",
            "resourceType": 1
          },
          "scale9Enable": true,
          "scale9Height": 300,
          "scale9Width": 165
        }
      }
    ],
    "options": {
      "__type": "ComGUIPanelSurrogate:#EditorCommon.JsonModel.Component.GUI",
      "classname": "Panel",
      "name": "Character_List_Panel",
      "ZOrder": 0,
      "actiontag": 3806,
      "anchorPointX": 0,
      "anchorPointY": 0,
      "classType": null,
      "colorB": 255,
      "colorG": 255,
      "colorR": 255,
      "flipX": false,
      "flipY": false,
      "height": 300,
      "ignoreSize": false,
      "layoutParameter": null,
      "opacity": 255,
      "positionPercentX": 0,
      "positionPercentY": 0,
      "positionType": 0,
      "rotation": 0,
      "scaleX": 1,
      "scaleY": 1,
      "sizePercentX": 1,
      "sizePercentY": 1,
      "sizeType": 0,
      "tag": 514,
      "touchAble": true,
      "useMergedTexture": false,
      "visible": true,
      "width": 580,
      "x": 0,
      "y": 0,
      "backGroundImage": null,
      "backGroundImageData": null,
      "backGroundScale9Enable": false,
      "bgColorB": 255,
      "bgColorG": 255,
      "bgColorOpacity": 21,
      "bgColorR": 255,
      "bgEndColorB": 255,
      "bgEndColorG": 200,
      "bgEndColorR": 150,
      "bgStartColorB": 255,
      "bgStartColorG": 255,
      "bgStartColorR": 255,
      "capInsetsHeight": 0,
      "capInsetsWidth": 0,
      "capInsetsX": 0,
      "capInsetsY": 0,
      "clipAble": false,
      "colorType": 1,
      "layoutType": 0,
      "vectorX": 0,
      "vectorY": -0.5
    }
  }
}