{
  "classname": null,
  "name": null,
  "animation": {
    "classname": null,
    "name": "AnimationManager",
    "actionlist": []
  },
  "dataScale": 1,
  "designHeight": 480,
  "designWidth": 720,
  "textures": [
    "LoginUI_part1.plist",
    "LoginUI_part2.plist",
    "Login_Frame.plist",
    "MainUI_part2.plist",
    "MainUI_part3.plist",
    "main_scene_ui.plist",
    "UIFrame.plist",
    "UIFrame2.plist"
  ],
  "version": "1.2.0.1",
  "widgetTree": {
    "classname": "Panel",
    "name": null,
    "children": [
      {
        "classname": "ImageView",
        "name": null,
        "children": [
          {
            "classname": "ImageView",
            "name": null,
            "children": [],
            "options": {
              "__type": "ComGUIImageViewSurrogate:#EditorCommon.JsonModel.Component.GUI",
              "classname": "ImageView",
              "name": "ImageView_3787_0_0",
              "ZOrder": 2,
              "actiontag": 5565,
              "anchorPointX": 0.5,
              "anchorPointY": 0,
              "classType": null,
              "colorB": 255,
              "colorG": 255,
              "colorR": 255,
              "flipX": false,
              "flipY": false,
              "height": 122,
              "ignoreSize": false,
              "layoutParameter": null,
              "opacity": 255,
              "positionPercentX": -0.00138888892,
              "positionPercentY": -0.347916663,
              "positionType": 0,
              "rotation": 0,
              "scaleX": 0.799999952,
              "scaleY": 0.6999999,
              "sizePercentX": 1.38888884,
              "sizePercentY": 0.254166663,
              "sizeType": 1,
              "tag": 509,
              "touchAble": false,
              "useMergedTexture": false,
              "visible": true,
              "width": 999.999939,
              "x": -1,
              "y": -167,
              "capInsetsHeight": 0,
              "capInsetsWidth": 0,
              "capInsetsX": 0,
              "capInsetsY": 0,
              "fileName": null,
              "fileNameData": {
                "path": "Login_mount_1.png",
                "plistFile": "LoginUI_part2.plist",
                "resourceType": 1
              },
              "scale9Enable": false,
              "scale9Height": 122,
              "scale9Width": 999.999939
            }
          },
          {
            "classname": "ImageView",
            "name": null,
            "children": [],
            "options": {
              "__type": "ComGUIImageViewSurrogate:#EditorCommon.JsonModel.Component.GUI",
              "classname": "ImageView",
              "name": "ImageView_5566",
              "ZOrder": 1,
              "actiontag": 5566,
              "anchorPointX": 0.5,
              "anchorPointY": 0,
              "classType": null,
              "colorB": 255,
              "colorG": 255,
              "colorR": 255,
              "flipX": false,
              "flipY": false,
              "height": 122,
              "ignoreSize": false,
              "layoutParameter": null,
              "opacity": 255,
              "positionPercentX": -0.00138888892,
              "positionPercentY": -0.5,
              "positionType": 0,
              "rotation": 0,
              "scaleX": 0.799999952,
              "scaleY": 0.6999999,
              "sizePercentX": 1.38888884,
              "sizePercentY": 0.254166663,
              "sizeType": 1,
              "tag": 509,
              "touchAble": false,
              "useMergedTexture": false,
              "visible": true,
              "width": 999.999939,
              "x": -1,
              "y": -240,
              "capInsetsHeight": 0,
              "capInsetsWidth": 0,
              "capInsetsX": 0,
              "capInsetsY": 0,
              "fileName": null,
              "fileNameData": {
                "path": "Login_grass_1.png",
                "plistFile": "LoginUI_part2.plist",
                "resourceType": 1
              },
              "scale9Enable": false,
              "scale9Height": 122,
              "scale9Width": 999.999939
            }
          }
        ],
        "options": {
          "__type": "ComGUIImageViewSurrogate:#EditorCommon.JsonModel.Component.GUI",
          "classname": "ImageView",
          "name": "Bg_0",
          "ZOrder": 1,
          "actiontag": 5564,
          "anchorPointX": 0.5,
          "anchorPointY": 0.5,
          "classType": null,
          "colorB": 255,
          "colorG": 255,
          "colorR": 255,
          "flipX": false,
          "flipY": false,
          "height": 480,
          "ignoreSize": false,
          "layoutParameter": null,
          "opacity": 255,
          "positionPercentX": 0.50000006,
          "positionPercentY": 0.50000006,
          "positionType": 1,
          "rotation": 0,
          "scaleX": 1,
          "scaleY": 1,
          "sizePercentX": 1,
          "sizePercentY": 1,
          "sizeType": 1,
          "tag": 508,
          "touchAble": false,
          "useMergedTexture": false,
          "visible": true,
          "width": 720,
          "x": 360,
          "y": 240,
          "capInsetsHeight": 0,
          "capInsetsWidth": 0,
          "capInsetsX": 0,
          "capInsetsY": 0,
          "fileName": null,
          "fileNameData": {
            "path": "Login_BG_1.png",
            "plistFile": "LoginUI_part2.plist",
            "resourceType": 1
          },
          "scale9Enable": false,
          "scale9Height": 480,
          "scale9Width": 720
        }
      }
    ],
    "options": {
      "__type": "ComGUIPanelSurrogate:#EditorCommon.JsonModel.Component.GUI",
      "classname": "Panel",
      "name": "Panel_5562",
      "ZOrder": 0,
      "actiontag": -1,
      "anchorPointX": 0,
      "anchorPointY": 0,
      "classType": null,
      "colorB": 255,
      "colorG": 255,
      "colorR": 255,
      "flipX": false,
      "flipY": false,
      "height": 480,
      "ignoreSize": false,
      "layoutParameter": null,
      "opacity": 255,
      "positionPercentX": 0,
      "positionPercentY": 0,
      "positionType": 0,
      "rotation": 0,
      "scaleX": 1,
      "scaleY": 1,
      "sizePercentX": 1,
      "sizePercentY": 1,
      "sizeType": 0,
      "tag": 907,
      "touchAble": false,
      "useMergedTexture": false,
      "visible": true,
      "width": 720,
      "x": 0,
      "y": 0,
      "backGroundImage": null,
      "backGroundImageData": null,
      "backGroundScale9Enable": false,
      "bgColorB": 255,
      "bgColorG": 200,
      "bgColorOpacity": 0,
      "bgColorR": 150,
      "bgEndColorB": 255,
      "bgEndColorG": 200,
      "bgEndColorR": 150,
      "bgStartColorB": 255,
      "bgStartColorG": 255,
      "bgStartColorR": 255,
      "capInsetsHeight": 0,
      "capInsetsWidth": 0,
      "capInsetsX": 0,
      "capInsetsY": 0,
      "clipAble": true,
      "colorType": 1,
      "layoutType": 0,
      "vectorX": 0,
      "vectorY": -0.5
    }
  }
}