{
  "classname": null,
  "name": null,
  "animation": {
    "classname": null,
    "name": "AnimationManager",
    "actionlist": []
  },
  "dataScale": 1,
  "designHeight": 480,
  "designWidth": 720,
  "textures": [
    "LoginUI_part1.plist",
    "LoginUI_part2.plist",
    "MainUI_part2.plist",
    "MainUI_part3.plist",
    "main_scene_ui.plist",
    "UIFrame.plist",
    "UIFrame2.plist"
  ],
  "version": "1.2.0.1",
  "widgetTree": {
    "classname": "Panel",
    "name": null,
    "children": [
      {
        "classname": "Button",
        "name": null,
        "children": [],
        "options": {
          "__type": "ComGUIButtonSurrogate:#EditorCommon.JsonModel.Component.GUI",
          "classname": "Button",
          "name": "Btn_User_Adv",
          "ZOrder": 32,
          "actiontag": 2975,
          "anchorPointX": 0.5,
          "anchorPointY": 0.5,
          "classType": null,
          "colorB": 255,
          "colorG": 255,
          "colorR": 255,
          "flipX": false,
          "flipY": false,
          "height": 56,
          "ignoreSize": true,
          "layoutParameter": null,
          "opacity": 255,
          "positionPercentX": 0.680357158,
          "positionPercentY": 0.165099218,
          "positionType": 1,
          "rotation": 0,
          "scaleX": 0.799999952,
          "scaleY": 0.799999952,
          "sizePercentX": 0.143055558,
          "sizePercentY": 0.0833333358,
          "sizeType": 0,
          "tag": 473,
          "touchAble": true,
          "useMergedTexture": false,
          "visible": true,
          "width": 148,
          "x": 489,
          "y": 79,
          "capInsetsHeight": 0,
          "capInsetsWidth": 0,
          "capInsetsX": 0,
          "capInsetsY": 0,
          "disabled": null,
          "disabledData": {
            "path": null,
            "plistFile": null,
            "resourceType": 0
          },
          "fontName": "微软雅黑",
          "fontSize": 24,
          "fontType": 0,
          "normal": null,
          "normalData": {
            "path": "MainUi/CommonBtn-Normal.png",
            "plistFile": null,
            "resourceType": 0
          },
          "pressed": null,
          "pressedData": {
            "path": null,
            "plistFile": null,
            "resourceType": 0
          },
          "scale9Enable": false,
          "scale9Height": 56,
          "scale9Width": 148,
          "text": "用户反馈",
          "textColorB": 255,
          "textColorG": 255,
          "textColorR": 255
        }
      },
      {
        "classname": "Button",
        "name": null,
        "children": [],
        "options": {
          "__type": "ComGUIButtonSurrogate:#EditorCommon.JsonModel.Component.GUI",
          "classname": "Button",
          "name": "Btn_About",
          "ZOrder": 16,
          "actiontag": 2974,
          "anchorPointX": 0.5,
          "anchorPointY": 0.5,
          "classType": null,
          "colorB": 255,
          "colorG": 255,
          "colorR": 255,
          "flipX": false,
          "flipY": false,
          "height": 56,
          "ignoreSize": true,
          "layoutParameter": null,
          "opacity": 255,
          "positionPercentX": 0.2873016,
          "positionPercentY": 0.168571442,
          "positionType": 1,
          "rotation": 0,
          "scaleX": 0.799999952,
          "scaleY": 0.799999952,
          "sizePercentX": 0.143055558,
          "sizePercentY": 0.0833333358,
          "sizeType": 0,
          "tag": 473,
          "touchAble": true,
          "useMergedTexture": false,
          "visible": true,
          "width": 148,
          "x": 206,
          "y": 80,
          "capInsetsHeight": 0,
          "capInsetsWidth": 0,
          "capInsetsX": 0,
          "capInsetsY": 0,
          "disabled": null,
          "disabledData": {
            "path": null,
            "plistFile": null,
            "resourceType": 0
          },
          "fontName": "微软雅黑",
          "fontSize": 24,
          "fontType": 0,
          "normal": null,
          "normalData": {
            "path": "MainUi/CommonBtn-Normal.png",
            "plistFile": null,
            "resourceType": 0
          },
          "pressed": null,
          "pressedData": {
            "path": null,
            "plistFile": null,
            "resourceType": 0
          },
          "scale9Enable": false,
          "scale9Height": 56,
          "scale9Width": 148,
          "text": "91平台",
          "textColorB": 255,
          "textColorG": 255,
          "textColorR": 255
        }
      },
      {
        "classname": "Button",
        "name": null,
        "children": [],
        "options": {
          "__type": "ComGUIButtonSurrogate:#EditorCommon.JsonModel.Component.GUI",
          "classname": "Button",
          "name": "Btn_Change_Role",
          "ZOrder": 4,
          "actiontag": 2972,
          "anchorPointX": 0.5,
          "anchorPointY": 0.5,
          "classType": null,
          "colorB": 255,
          "colorG": 255,
          "colorR": 255,
          "flipX": false,
          "flipY": false,
          "height": 56,
          "ignoreSize": true,
          "layoutParameter": null,
          "opacity": 255,
          "positionPercentX": 0.289616466,
          "positionPercentY": 0.296349257,
          "positionType": 1,
          "rotation": 0,
          "scaleX": 0.799999952,
          "scaleY": 0.799999952,
          "sizePercentX": 0.143055558,
          "sizePercentY": 0.0833333358,
          "sizeType": 0,
          "tag": 473,
          "touchAble": true,
          "useMergedTexture": false,
          "visible": true,
          "width": 148,
          "x": 208,
          "y": 142,
          "capInsetsHeight": 0,
          "capInsetsWidth": 0,
          "capInsetsX": 0,
          "capInsetsY": 0,
          "disabled": null,
          "disabledData": {
            "path": null,
            "plistFile": null,
            "resourceType": 0
          },
          "fontName": "微软雅黑",
          "fontSize": 24,
          "fontType": 0,
          "normal": null,
          "normalData": {
            "path": "MainUi/CommonGreenBtn_Normal.png",
            "plistFile": null,
            "resourceType": 0
          },
          "pressed": null,
          "pressedData": {
            "path": null,
            "plistFile": null,
            "resourceType": 0
          },
          "scale9Enable": false,
          "scale9Height": 56,
          "scale9Width": 148,
          "text": "切换角色",
          "textColorB": 255,
          "textColorG": 255,
          "textColorR": 255
        }
      },
      {
        "classname": "Button",
        "name": null,
        "children": [],
        "options": {
          "__type": "ComGUIButtonSurrogate:#EditorCommon.JsonModel.Component.GUI",
          "classname": "Button",
          "name": "Btn_Re_Log",
          "ZOrder": 8,
          "actiontag": 2973,
          "anchorPointX": 0.5,
          "anchorPointY": 0.5,
          "classType": null,
          "colorB": 255,
          "colorG": 255,
          "colorR": 255,
          "flipX": false,
          "flipY": false,
          "height": 56,
          "ignoreSize": true,
          "layoutParameter": null,
          "opacity": 255,
          "positionPercentX": 0.6785054,
          "positionPercentY": 0.297043681,
          "positionType": 1,
          "rotation": 0,
          "scaleX": 0.799999952,
          "scaleY": 0.799999952,
          "sizePercentX": 0.143055558,
          "sizePercentY": 0.0833333358,
          "sizeType": 0,
          "tag": 473,
          "touchAble": true,
          "useMergedTexture": false,
          "visible": true,
          "width": 148,
          "x": 488,
          "y": 142,
          "capInsetsHeight": 0,
          "capInsetsWidth": 0,
          "capInsetsX": 0,
          "capInsetsY": 0,
          "disabled": null,
          "disabledData": {
            "path": null,
            "plistFile": null,
            "resourceType": 0
          },
          "fontName": "微软雅黑",
          "fontSize": 24,
          "fontType": 0,
          "normal": null,
          "normalData": {
            "path": "MainUi/CommonGreenBtn_Normal.png",
            "plistFile": null,
            "resourceType": 0
          },
          "pressed": null,
          "pressedData": {
            "path": null,
            "plistFile": null,
            "resourceType": 0
          },
          "scale9Enable": false,
          "scale9Height": 56,
          "scale9Width": 148,
          "text": "重新登录",
          "textColorB": 255,
          "textColorG": 255,
          "textColorR": 255
        }
      },
      {
        "classname": "ImageView",
        "name": null,
        "children": [],
        "options": {
          "__type": "ComGUIImageViewSurrogate:#EditorCommon.JsonModel.Component.GUI",
          "classname": "ImageView",
          "name": "Bg",
          "ZOrder": -1,
          "actiontag": 189,
          "anchorPointX": 0.5,
          "anchorPointY": 0.5,
          "classType": null,
          "colorB": 255,
          "colorG": 255,
          "colorR": 255,
          "flipX": false,
          "flipY": false,
          "height": 480,
          "ignoreSize": false,
          "layoutParameter": null,
          "opacity": 255,
          "positionPercentX": 0.5013889,
          "positionPercentY": 0.5,
          "positionType": 0,
          "rotation": 0.0300365537,
          "scaleX": 1,
          "scaleY": 1,
          "sizePercentX": 1.4000001,
          "sizePercentY": 1,
          "sizeType": 1,
          "tag": 51,
          "touchAble": false,
          "useMergedTexture": false,
          "visible": true,
          "width": 1008.00006,
          "x": 361,
          "y": 240,
          "capInsetsHeight": 0,
          "capInsetsWidth": 0,
          "capInsetsX": 0,
          "capInsetsY": 0,
          "fileName": null,
          "fileNameData": {
            "path": "MainUi/BG_WoodFloor.png",
            "plistFile": null,
            "resourceType": 0
          },
          "scale9Enable": false,
          "scale9Height": 480,
          "scale9Width": 1008.00006
        }
      },
      {
        "classname": "ImageView",
        "name": null,
        "children": [],
        "options": {
          "__type": "ComGUIImageViewSurrogate:#EditorCommon.JsonModel.Component.GUI",
          "classname": "ImageView",
          "name": "Bg_right_widget",
          "ZOrder": 2,
          "actiontag": 191,
          "anchorPointX": 1,
          "anchorPointY": 0,
          "classType": null,
          "colorB": 255,
          "colorG": 255,
          "colorR": 255,
          "flipX": false,
          "flipY": false,
          "height": 100,
          "ignoreSize": true,
          "layoutParameter": null,
          "opacity": 255,
          "positionPercentX": 1.00000012,
          "positionPercentY": -2.5678788E-09,
          "positionType": 1,
          "rotation": 0,
          "scaleX": 1,
          "scaleY": 1,
          "sizePercentX": 0.111111112,
          "sizePercentY": 0.166666672,
          "sizeType": 0,
          "tag": 52,
          "touchAble": false,
          "useMergedTexture": false,
          "visible": true,
          "width": 97,
          "x": 720,
          "y": 0,
          "capInsetsHeight": 0,
          "capInsetsWidth": 0,
          "capInsetsX": 0,
          "capInsetsY": 0,
          "fileName": null,
          "fileNameData": {
            "path": "MainUi/RuinedWall.png",
            "plistFile": null,
            "resourceType": 0
          },
          "scale9Enable": false,
          "scale9Height": 100,
          "scale9Width": 97
        }
      },
      {
        "classname": "ImageView",
        "name": null,
        "children": [],
        "options": {
          "__type": "ComGUIImageViewSurrogate:#EditorCommon.JsonModel.Component.GUI",
          "classname": "ImageView",
          "name": "Bg_left_widget",
          "ZOrder": 1,
          "actiontag": 190,
          "anchorPointX": 1,
          "anchorPointY": 0,
          "classType": null,
          "colorB": 255,
          "colorG": 255,
          "colorR": 255,
          "flipX": false,
          "flipY": false,
          "height": 100,
          "ignoreSize": true,
          "layoutParameter": null,
          "opacity": 255,
          "positionPercentX": 0,
          "positionPercentY": 0,
          "positionType": 0,
          "rotation": 90,
          "scaleX": 1,
          "scaleY": 1,
          "sizePercentX": 0.111111112,
          "sizePercentY": 0.166666672,
          "sizeType": 0,
          "tag": 52,
          "touchAble": false,
          "useMergedTexture": false,
          "visible": true,
          "width": 97,
          "x": 0,
          "y": 0,
          "capInsetsHeight": 0,
          "capInsetsWidth": 0,
          "capInsetsX": 0,
          "capInsetsY": 0,
          "fileName": null,
          "fileNameData": {
            "path": "MainUi/RuinedWall.png",
            "plistFile": null,
            "resourceType": 0
          },
          "scale9Enable": false,
          "scale9Height": 100,
          "scale9Width": 97
        }
      },
      {
        "classname": "Panel",
        "name": null,
        "children": [
          {
            "classname": "ImageView",
            "name": null,
            "children": [],
            "options": {
              "__type": "ComGUIImageViewSurrogate:#EditorCommon.JsonModel.Component.GUI",
              "classname": "ImageView",
              "name": "Bg_Wigdit_L_D",
              "ZOrder": 1,
              "actiontag": 211,
              "anchorPointX": 0.5,
              "anchorPointY": 0.5,
              "classType": null,
              "colorB": 255,
              "colorG": 255,
              "colorR": 255,
              "flipX": false,
              "flipY": true,
              "height": 65,
              "ignoreSize": true,
              "layoutParameter": null,
              "opacity": 255,
              "positionPercentX": -0.483823538,
              "positionPercentY": 0.0475,
              "positionType": 0,
              "rotation": 0,
              "scaleX": 0.6999999,
              "scaleY": 0.6999999,
              "sizePercentX": 0.117647059,
              "sizePercentY": 0.2,
              "sizeType": 0,
              "tag": 70,
              "touchAble": false,
              "useMergedTexture": false,
              "visible": true,
              "width": 58,
              "x": -329,
              "y": 19,
              "capInsetsHeight": 0,
              "capInsetsWidth": 0,
              "capInsetsX": 0,
              "capInsetsY": 0,
              "fileName": null,
              "fileNameData": {
                "path": "MainUi/BG_MainDec_corner.png",
                "plistFile": null,
                "resourceType": 0
              },
              "scale9Enable": false,
              "scale9Height": 65,
              "scale9Width": 58
            }
          },
          {
            "classname": "ImageView",
            "name": null,
            "children": [],
            "options": {
              "__type": "ComGUIImageViewSurrogate:#EditorCommon.JsonModel.Component.GUI",
              "classname": "ImageView",
              "name": "Bg_Wigdit_R_D",
              "ZOrder": 1,
              "actiontag": 210,
              "anchorPointX": 0.5,
              "anchorPointY": 0.5,
              "classType": null,
              "colorB": 255,
              "colorG": 255,
              "colorR": 255,
              "flipX": true,
              "flipY": true,
              "height": 65,
              "ignoreSize": true,
              "layoutParameter": null,
              "opacity": 255,
              "positionPercentX": 0.4779412,
              "positionPercentY": 0.045,
              "positionType": 0,
              "rotation": 0,
              "scaleX": 0.6999999,
              "scaleY": 0.6999999,
              "sizePercentX": 0.117647059,
              "sizePercentY": 0.2,
              "sizeType": 0,
              "tag": 70,
              "touchAble": false,
              "useMergedTexture": false,
              "visible": true,
              "width": 58,
              "x": 325,
              "y": 18,
              "capInsetsHeight": 0,
              "capInsetsWidth": 0,
              "capInsetsX": 0,
              "capInsetsY": 0,
              "fileName": null,
              "fileNameData": {
                "path": "MainUi/BG_MainDec_corner.png",
                "plistFile": null,
                "resourceType": 0
              },
              "scale9Enable": false,
              "scale9Height": 65,
              "scale9Width": 58
            }
          },
          {
            "classname": "ImageView",
            "name": null,
            "children": [],
            "options": {
              "__type": "ComGUIImageViewSurrogate:#EditorCommon.JsonModel.Component.GUI",
              "classname": "ImageView",
              "name": "Bg_Wigdit_L_U",
              "ZOrder": 1,
              "actiontag": 209,
              "anchorPointX": 0.5,
              "anchorPointY": 0.5,
              "classType": null,
              "colorB": 255,
              "colorG": 255,
              "colorR": 255,
              "flipX": false,
              "flipY": false,
              "height": 65,
              "ignoreSize": true,
              "layoutParameter": null,
              "opacity": 255,
              "positionPercentX": -0.483823538,
              "positionPercentY": 0.9575,
              "positionType": 0,
              "rotation": 0,
              "scaleX": 0.6999999,
              "scaleY": 0.6999999,
              "sizePercentX": 0.117647059,
              "sizePercentY": 0.2,
              "sizeType": 0,
              "tag": 70,
              "touchAble": false,
              "useMergedTexture": false,
              "visible": true,
              "width": 58,
              "x": -329,
              "y": 383,
              "capInsetsHeight": 0,
              "capInsetsWidth": 0,
              "capInsetsX": 0,
              "capInsetsY": 0,
              "fileName": null,
              "fileNameData": {
                "path": "MainUi/BG_MainDec_corner.png",
                "plistFile": null,
                "resourceType": 0
              },
              "scale9Enable": false,
              "scale9Height": 65,
              "scale9Width": 58
            }
          },
          {
            "classname": "ImageView",
            "name": null,
            "children": [],
            "options": {
              "__type": "ComGUIImageViewSurrogate:#EditorCommon.JsonModel.Component.GUI",
              "classname": "ImageView",
              "name": "Bg_Wigdit_R_U",
              "ZOrder": 1,
              "actiontag": 208,
              "anchorPointX": 0.5,
              "anchorPointY": 0.5,
              "classType": null,
              "colorB": 255,
              "colorG": 255,
              "colorR": 255,
              "flipX": true,
              "flipY": false,
              "height": 65,
              "ignoreSize": true,
              "layoutParameter": null,
              "opacity": 255,
              "positionPercentX": 0.4779412,
              "positionPercentY": 0.955,
              "positionType": 0,
              "rotation": 0,
              "scaleX": 0.6999999,
              "scaleY": 0.6999999,
              "sizePercentX": 0.117647059,
              "sizePercentY": 0.2,
              "sizeType": 0,
              "tag": 70,
              "touchAble": false,
              "useMergedTexture": false,
              "visible": true,
              "width": 58,
              "x": 325,
              "y": 382,
              "capInsetsHeight": 0,
              "capInsetsWidth": 0,
              "capInsetsX": 0,
              "capInsetsY": 0,
              "fileName": null,
              "fileNameData": {
                "path": "MainUi/BG_MainDec_corner.png",
                "plistFile": null,
                "resourceType": 0
              },
              "scale9Enable": false,
              "scale9Height": 65,
              "scale9Width": 58
            }
          },
          {
            "classname": "ImageView",
            "name": null,
            "children": [],
            "options": {
              "__type": "ComGUIImageViewSurrogate:#EditorCommon.JsonModel.Component.GUI",
              "classname": "ImageView",
              "name": "BG_MainDec_Up",
              "ZOrder": 0,
              "actiontag": 212,
              "anchorPointX": 0.5,
              "anchorPointY": 0.5,
              "classType": null,
              "colorB": 255,
              "colorG": 255,
              "colorR": 255,
              "flipX": false,
              "flipY": false,
              "height": 12,
              "ignoreSize": true,
              "layoutParameter": null,
              "opacity": 255,
              "positionPercentX": -0.004411765,
              "positionPercentY": 1,
              "positionType": 0,
              "rotation": 0,
              "scaleX": 1.4000001,
              "scaleY": 0.6999999,
              "sizePercentX": 0.117647059,
              "sizePercentY": 0.2,
              "sizeType": 0,
              "tag": 74,
              "touchAble": false,
              "useMergedTexture": false,
              "visible": true,
              "width": 449,
              "x": -3,
              "y": 400,
              "capInsetsHeight": 0,
              "capInsetsWidth": 0,
              "capInsetsX": 0,
              "capInsetsY": 0,
              "fileName": null,
              "fileNameData": {
                "path": "MainUi/BG_MainDec_1.png",
                "plistFile": null,
                "resourceType": 0
              },
              "scale9Enable": false,
              "scale9Height": 12,
              "scale9Width": 449
            }
          },
          {
            "classname": "ImageView",
            "name": null,
            "children": [],
            "options": {
              "__type": "ComGUIImageViewSurrogate:#EditorCommon.JsonModel.Component.GUI",
              "classname": "ImageView",
              "name": "BG_MainDec_L",
              "ZOrder": 0,
              "actiontag": 213,
              "anchorPointX": 0.5,
              "anchorPointY": 0.5,
              "classType": null,
              "colorB": 255,
              "colorG": 255,
              "colorR": 255,
              "flipX": false,
              "flipY": false,
              "height": 18,
              "ignoreSize": true,
              "layoutParameter": null,
              "opacity": 255,
              "positionPercentX": -0.5029412,
              "positionPercentY": 0.51,
              "positionType": 0,
              "rotation": 0,
              "scaleX": 0.6999999,
              "scaleY": 20,
              "sizePercentX": 0.117647059,
              "sizePercentY": 0.2,
              "sizeType": 0,
              "tag": 75,
              "touchAble": false,
              "useMergedTexture": false,
              "visible": true,
              "width": 12,
              "x": -342,
              "y": 204,
              "capInsetsHeight": 0,
              "capInsetsWidth": 0,
              "capInsetsX": 0,
              "capInsetsY": 0,
              "fileName": null,
              "fileNameData": {
                "path": "MainUi/BG_MainDec_3.png",
                "plistFile": null,
                "resourceType": 0
              },
              "scale9Enable": false,
              "scale9Height": 18,
              "scale9Width": 12
            }
          },
          {
            "classname": "ImageView",
            "name": null,
            "children": [],
            "options": {
              "__type": "ComGUIImageViewSurrogate:#EditorCommon.JsonModel.Component.GUI",
              "classname": "ImageView",
              "name": "BG_MainDec_R",
              "ZOrder": 0,
              "actiontag": 214,
              "anchorPointX": 0.5,
              "anchorPointY": 0.5,
              "classType": null,
              "colorB": 255,
              "colorG": 255,
              "colorR": 255,
              "flipX": false,
              "flipY": false,
              "height": 18,
              "ignoreSize": true,
              "layoutParameter": null,
              "opacity": 255,
              "positionPercentX": 0.4970588,
              "positionPercentY": 0.49,
              "positionType": 0,
              "rotation": 0,
              "scaleX": 0.6999999,
              "scaleY": 20,
              "sizePercentX": 0.117647059,
              "sizePercentY": 0.2,
              "sizeType": 0,
              "tag": 75,
              "touchAble": false,
              "useMergedTexture": false,
              "visible": true,
              "width": 12,
              "x": 338,
              "y": 196,
              "capInsetsHeight": 0,
              "capInsetsWidth": 0,
              "capInsetsX": 0,
              "capInsetsY": 0,
              "fileName": null,
              "fileNameData": {
                "path": "MainUi/BG_MainDec_3.png",
                "plistFile": null,
                "resourceType": 0
              },
              "scale9Enable": false,
              "scale9Height": 18,
              "scale9Width": 12
            }
          },
          {
            "classname": "ImageView",
            "name": null,
            "children": [],
            "options": {
              "__type": "ComGUIImageViewSurrogate:#EditorCommon.JsonModel.Component.GUI",
              "classname": "ImageView",
              "name": "BG_MainDec_D",
              "ZOrder": 0,
              "actiontag": 215,
              "anchorPointX": 0.5,
              "anchorPointY": 0.5,
              "classType": null,
              "colorB": 255,
              "colorG": 255,
              "colorR": 255,
              "flipX": false,
              "flipY": false,
              "height": 15,
              "ignoreSize": true,
              "layoutParameter": null,
              "opacity": 255,
              "positionPercentX": -0.005882353,
              "positionPercentY": 0.0025,
              "positionType": 0,
              "rotation": 0,
              "scaleX": 5.699997,
              "scaleY": 0.49999997,
              "sizePercentX": 0.117647059,
              "sizePercentY": 0.2,
              "sizeType": 0,
              "tag": 75,
              "touchAble": false,
              "useMergedTexture": false,
              "visible": true,
              "width": 117,
              "x": -4,
              "y": 1,
              "capInsetsHeight": 0,
              "capInsetsWidth": 0,
              "capInsetsX": 0,
              "capInsetsY": 0,
              "fileName": null,
              "fileNameData": {
                "path": "MainUi/BG_MainDec_6.png",
                "plistFile": null,
                "resourceType": 0
              },
              "scale9Enable": false,
              "scale9Height": 15,
              "scale9Width": 117
            }
          },
          {
            "classname": "Panel",
            "name": null,
            "children": [],
            "options": {
              "__type": "ComGUIPanelSurrogate:#EditorCommon.JsonModel.Component.GUI",
              "classname": "Panel",
              "name": "Panel_399",
              "ZOrder": -1,
              "actiontag": 399,
              "anchorPointX": 0,
              "anchorPointY": 0,
              "classType": null,
              "colorB": 255,
              "colorG": 255,
              "colorR": 255,
              "flipX": false,
              "flipY": false,
              "height": 400,
              "ignoreSize": false,
              "layoutParameter": null,
              "opacity": 255,
              "positionPercentX": -0.5,
              "positionPercentY": 0,
              "positionType": 1,
              "rotation": 0,
              "scaleX": 1,
              "scaleY": 1,
              "sizePercentX": 1,
              "sizePercentY": 1,
              "sizeType": 0,
              "tag": 158,
              "touchAble": false,
              "useMergedTexture": false,
              "visible": true,
              "width": 680,
              "x": -340,
              "y": 0,
              "backGroundImage": null,
              "backGroundImageData": null,
              "backGroundScale9Enable": false,
              "bgColorB": 19,
              "bgColorG": 26,
              "bgColorOpacity": 255,
              "bgColorR": 35,
              "bgEndColorB": 255,
              "bgEndColorG": 200,
              "bgEndColorR": 150,
              "bgStartColorB": 255,
              "bgStartColorG": 255,
              "bgStartColorR": 255,
              "capInsetsHeight": 0,
              "capInsetsWidth": 0,
              "capInsetsX": 0,
              "capInsetsY": 0,
              "clipAble": false,
              "colorType": 1,
              "layoutType": 0,
              "vectorX": 0,
              "vectorY": -0.5
            }
          }
        ],
        "options": {
          "__type": "ComGUIPanelSurrogate:#EditorCommon.JsonModel.Component.GUI",
          "classname": "Panel",
          "name": "Info_Sq_Bg",
          "ZOrder": 2,
          "actiontag": 205,
          "anchorPointX": 0,
          "anchorPointY": 0,
          "classType": null,
          "colorB": 255,
          "colorG": 255,
          "colorR": 255,
          "flipX": false,
          "flipY": false,
          "height": 400,
          "ignoreSize": false,
          "layoutParameter": null,
          "opacity": 255,
          "positionPercentX": 0.5042988,
          "positionPercentY": 0.0178819336,
          "positionType": 1,
          "rotation": 0,
          "scaleX": 1,
          "scaleY": 1,
          "sizePercentX": 0.9444444,
          "sizePercentY": 0.8333333,
          "sizeType": 0,
          "tag": 67,
          "touchAble": false,
          "useMergedTexture": false,
          "visible": true,
          "width": 680,
          "x": 363,
          "y": 8,
          "backGroundImage": null,
          "backGroundImageData": null,
          "backGroundScale9Enable": false,
          "bgColorB": 19,
          "bgColorG": 26,
          "bgColorOpacity": 255,
          "bgColorR": 35,
          "bgEndColorB": 255,
          "bgEndColorG": 200,
          "bgEndColorR": 150,
          "bgStartColorB": 255,
          "bgStartColorG": 255,
          "bgStartColorR": 255,
          "capInsetsHeight": 0,
          "capInsetsWidth": 0,
          "capInsetsX": 0,
          "capInsetsY": 0,
          "clipAble": false,
          "colorType": 0,
          "layoutType": 0,
          "vectorX": 0,
          "vectorY": -0.5
        }
      },
      {
        "classname": "Panel",
        "name": null,
        "children": [
          {
            "classname": "ImageView",
            "name": null,
            "children": [
              {
                "classname": "Label",
                "name": null,
                "children": [],
                "options": {
                  "__type": "ComGUILabelSurrogate:#EditorCommon.JsonModel.Component.GUI",
                  "classname": "Label",
                  "name": "Label_2198",
                  "ZOrder": 1,
                  "actiontag": 2198,
                  "anchorPointX": 0.5,
                  "anchorPointY": 0.5,
                  "classType": null,
                  "colorB": 255,
                  "colorG": 255,
                  "colorR": 255,
                  "flipX": false,
                  "flipY": false,
                  "height": 27,
                  "ignoreSize": true,
                  "layoutParameter": null,
                  "opacity": 255,
                  "positionPercentX": -0.00574712642,
                  "positionPercentY": 0.0483870953,
                  "positionType": 0,
                  "rotation": 0,
                  "scaleX": 1,
                  "scaleY": 1,
                  "sizePercentX": 0.545977,
                  "sizePercentY": 0.435483873,
                  "sizeType": 0,
                  "tag": 382,
                  "touchAble": false,
                  "useMergedTexture": false,
                  "visible": true,
                  "width": 95,
                  "x": -1,
                  "y": 3,
                  "areaHeight": 0,
                  "areaWidth": 0,
                  "fontFile": null,
                  "fontName": "微软雅黑",
                  "fontSize": 31,
                  "hAlignment": 0,
                  "text": "设置",
                  "touchScaleEnable": false,
                  "vAlignment": 0
                }
              }
            ],
            "options": {
              "__type": "ComGUIImageViewSurrogate:#EditorCommon.JsonModel.Component.GUI",
              "classname": "ImageView",
              "name": "ImageView_1652",
              "ZOrder": 0,
              "actiontag": 1652,
              "anchorPointX": 0.5,
              "anchorPointY": 0.5,
              "classType": null,
              "colorB": 255,
              "colorG": 255,
              "colorR": 255,
              "flipX": false,
              "flipY": false,
              "height": 62,
              "ignoreSize": true,
              "layoutParameter": null,
              "opacity": 255,
              "positionPercentX": -1.49,
              "positionPercentY": 2.185,
              "positionType": 0,
              "rotation": 0,
              "scaleX": 0.6999999,
              "scaleY": 0.6999999,
              "sizePercentX": 0.4,
              "sizePercentY": 0.4,
              "sizeType": 0,
              "tag": 346,
              "touchAble": false,
              "useMergedTexture": false,
              "visible": true,
              "width": 174,
              "x": -298,
              "y": 437,
              "capInsetsHeight": 0,
              "capInsetsWidth": 0,
              "capInsetsX": 0,
              "capInsetsY": 0,
              "fileName": null,
              "fileNameData": {
                "path": "MainUi/BGTitleFrame.png",
                "plistFile": null,
                "resourceType": 0
              },
              "scale9Enable": false,
              "scale9Height": 62,
              "scale9Width": 174
            }
          },
          {
            "classname": "Button",
            "name": null,
            "children": [],
            "options": {
              "__type": "ComGUIButtonSurrogate:#EditorCommon.JsonModel.Component.GUI",
              "classname": "Button",
              "name": "Btn_Close",
              "ZOrder": 0,
              "actiontag": 204,
              "anchorPointX": 0.5,
              "anchorPointY": 0.5,
              "classType": null,
              "colorB": 255,
              "colorG": 255,
              "colorR": 255,
              "flipX": false,
              "flipY": false,
              "height": 56,
              "ignoreSize": true,
              "layoutParameter": null,
              "opacity": 255,
              "positionPercentX": 1.65,
              "positionPercentY": 2.27,
              "positionType": 0,
              "rotation": 0,
              "scaleX": 0.6999999,
              "scaleY": 0.6999999,
              "sizePercentX": 0.515,
              "sizePercentY": 0.2,
              "sizeType": 0,
              "tag": 66,
              "touchAble": true,
              "useMergedTexture": false,
              "visible": true,
              "width": 58,
              "x": 330,
              "y": 454,
              "capInsetsHeight": 0,
              "capInsetsWidth": 0,
              "capInsetsX": 0,
              "capInsetsY": 0,
              "disabled": null,
              "disabledData": {
                "path": null,
                "plistFile": null,
                "resourceType": 0
              },
              "fontName": "微软雅黑",
              "fontSize": 14,
              "fontType": 0,
              "normal": null,
              "normalData": {
                "path": "MainUi/CloseBtn_Normal.png",
                "plistFile": null,
                "resourceType": 0
              },
              "pressed": null,
              "pressedData": {
                "path": "MainUi/CloseBtn_Clicked.png",
                "plistFile": null,
                "resourceType": 0
              },
              "scale9Enable": false,
              "scale9Height": 56,
              "scale9Width": 58,
              "text": "",
              "textColorB": 255,
              "textColorG": 255,
              "textColorR": 255
            }
          }
        ],
        "options": {
          "__type": "ComGUIPanelSurrogate:#EditorCommon.JsonModel.Component.GUI",
          "classname": "Panel",
          "name": "MainUi",
          "ZOrder": 2,
          "actiontag": 2083,
          "anchorPointX": 0,
          "anchorPointY": 0,
          "classType": null,
          "colorB": 255,
          "colorG": 255,
          "colorR": 255,
          "flipX": false,
          "flipY": false,
          "height": 200,
          "ignoreSize": false,
          "layoutParameter": null,
          "opacity": 255,
          "positionPercentX": 0.5,
          "positionPercentY": 0,
          "positionType": 1,
          "rotation": 0,
          "scaleX": 1,
          "scaleY": 1,
          "sizePercentX": 0.2777778,
          "sizePercentY": 0.416666657,
          "sizeType": 0,
          "tag": 343,
          "touchAble": true,
          "useMergedTexture": false,
          "visible": true,
          "width": 200,
          "x": 360,
          "y": 0,
          "backGroundImage": null,
          "backGroundImageData": null,
          "backGroundScale9Enable": false,
          "bgColorB": 255,
          "bgColorG": 200,
          "bgColorOpacity": 100,
          "bgColorR": 150,
          "bgEndColorB": 255,
          "bgEndColorG": 200,
          "bgEndColorR": 150,
          "bgStartColorB": 255,
          "bgStartColorG": 255,
          "bgStartColorR": 255,
          "capInsetsHeight": 0,
          "capInsetsWidth": 0,
          "capInsetsX": 0,
          "capInsetsY": 0,
          "clipAble": false,
          "colorType": 0,
          "layoutType": 0,
          "vectorX": 0,
          "vectorY": -0.5
        }
      },
      {
        "classname": "ImageView",
        "name": null,
        "children": [
          {
            "classname": "Button",
            "name": null,
            "children": [
              {
                "classname": "Label",
                "name": null,
                "children": [],
                "options": {
                  "__type": "ComGUILabelSurrogate:#EditorCommon.JsonModel.Component.GUI",
                  "classname": "Label",
                  "name": "Ch_Lable",
                  "ZOrder": 1,
                  "actiontag": 2982,
                  "anchorPointX": 1,
                  "anchorPointY": 0.5,
                  "classType": null,
                  "colorB": 255,
                  "colorG": 255,
                  "colorR": 255,
                  "flipX": false,
                  "flipY": false,
                  "height": 27,
                  "ignoreSize": true,
                  "layoutParameter": null,
                  "opacity": 255,
                  "positionPercentX": -0.9166667,
                  "positionPercentY": 0,
                  "positionType": 0,
                  "rotation": 0,
                  "scaleX": 1,
                  "scaleY": 1,
                  "sizePercentX": 2.63888884,
                  "sizePercentY": 0.75,
                  "sizeType": 0,
                  "tag": 479,
                  "touchAble": false,
                  "useMergedTexture": false,
                  "visible": true,
                  "width": 95,
                  "x": -33,
                  "y": 0,
                  "areaHeight": 0,
                  "areaWidth": 0,
                  "fontFile": null,
                  "fontName": "微软雅黑",
                  "fontSize": 20,
                  "hAlignment": 0,
                  "text": "隐藏其他玩家",
                  "touchScaleEnable": false,
                  "vAlignment": 0
                }
              },
              {
                "classname": "ImageView",
                "name": null,
                "children": [],
                "options": {
                  "__type": "ComGUIImageViewSurrogate:#EditorCommon.JsonModel.Component.GUI",
                  "classname": "ImageView",
                  "name": "Mark",
                  "ZOrder": 0,
                  "actiontag": 2985,
                  "anchorPointX": 0.5,
                  "anchorPointY": 0.5,
                  "classType": null,
                  "colorB": 255,
                  "colorG": 255,
                  "colorR": 255,
                  "flipX": false,
                  "flipY": false,
                  "height": 64,
                  "ignoreSize": true,
                  "layoutParameter": null,
                  "opacity": 255,
                  "positionPercentX": 0.194444448,
                  "positionPercentY": 0.194444448,
                  "positionType": 0,
                  "rotation": 0,
                  "scaleX": 0.6999999,
                  "scaleY": 0.6999999,
                  "sizePercentX": 2.22222233,
                  "sizePercentY": 2.22222233,
                  "sizeType": 0,
                  "tag": 484,
                  "touchAble": false,
                  "useMergedTexture": false,
                  "visible": true,
                  "width": 64,
                  "x": 7,
                  "y": 7,
                  "capInsetsHeight": 0,
                  "capInsetsWidth": 0,
                  "capInsetsX": 0,
                  "capInsetsY": 0,
                  "fileName": null,
                  "fileNameData": {
                    "path": "SystemSetting_OptionSelected.png",
                    "plistFile": "MainUI_part2.plist",
                    "resourceType": 1
                  },
                  "scale9Enable": false,
                  "scale9Height": 64,
                  "scale9Width": 64
                }
              }
            ],
            "options": {
              "__type": "ComGUIButtonSurrogate:#EditorCommon.JsonModel.Component.GUI",
              "classname": "Button",
              "name": "Btn_Hide_Players",
              "ZOrder": 2,
              "actiontag": 2981,
              "anchorPointX": 0.5,
              "anchorPointY": 0.5,
              "classType": null,
              "colorB": 255,
              "colorG": 255,
              "colorR": 255,
              "flipX": false,
              "flipY": false,
              "height": 36,
              "ignoreSize": true,
              "layoutParameter": null,
              "opacity": 255,
              "positionPercentX": 0.2830769,
              "positionPercentY": -0.232227489,
              "positionType": 0,
              "rotation": 0,
              "scaleX": 1,
              "scaleY": 1,
              "sizePercentX": 0.158461541,
              "sizePercentY": 0.189573467,
              "sizeType": 0,
              "tag": 478,
              "touchAble": true,
              "useMergedTexture": false,
              "visible": true,
              "width": 36,
              "x": 184,
              "y": -49,
              "capInsetsHeight": 0,
              "capInsetsWidth": 0,
              "capInsetsX": 0,
              "capInsetsY": 0,
              "disabled": null,
              "disabledData": {
                "path": null,
                "plistFile": null,
                "resourceType": 0
              },
              "fontName": "微软雅黑",
              "fontSize": 14,
              "fontType": 0,
              "normal": null,
              "normalData": {
                "path": "GuildLableBG.png",
                "plistFile": "UIFrame.plist",
                "resourceType": 1
              },
              "pressed": null,
              "pressedData": {
                "path": null,
                "plistFile": null,
                "resourceType": 0
              },
              "scale9Enable": false,
              "scale9Height": 36,
              "scale9Width": 36,
              "text": "",
              "textColorB": 255,
              "textColorG": 255,
              "textColorR": 255
            }
          },
          {
            "classname": "Button",
            "name": null,
            "children": [
              {
                "classname": "Label",
                "name": null,
                "children": [],
                "options": {
                  "__type": "ComGUILabelSurrogate:#EditorCommon.JsonModel.Component.GUI",
                  "classname": "Label",
                  "name": "Ch_Lable",
                  "ZOrder": 1,
                  "actiontag": 2980,
                  "anchorPointX": 1,
                  "anchorPointY": 0.5,
                  "classType": null,
                  "colorB": 255,
                  "colorG": 255,
                  "colorR": 255,
                  "flipX": false,
                  "flipY": false,
                  "height": 27,
                  "ignoreSize": true,
                  "layoutParameter": null,
                  "opacity": 255,
                  "positionPercentX": -1.33333337,
                  "positionPercentY": 0,
                  "positionType": 0,
                  "rotation": 0,
                  "scaleX": 1,
                  "scaleY": 1,
                  "sizePercentX": 2.63888884,
                  "sizePercentY": 0.75,
                  "sizeType": 0,
                  "tag": 479,
                  "touchAble": false,
                  "useMergedTexture": false,
                  "visible": true,
                  "width": 95,
                  "x": -48,
                  "y": 0,
                  "areaHeight": 0,
                  "areaWidth": 0,
                  "fontFile": null,
                  "fontName": "微软雅黑",
                  "fontSize": 20,
                  "hAlignment": 0,
                  "text": "音效",
                  "touchScaleEnable": false,
                  "vAlignment": 0
                }
              },
              {
                "classname": "ImageView",
                "name": null,
                "children": [],
                "options": {
                  "__type": "ComGUIImageViewSurrogate:#EditorCommon.JsonModel.Component.GUI",
                  "classname": "ImageView",
                  "name": "Mark",
                  "ZOrder": 0,
                  "actiontag": 2984,
                  "anchorPointX": 0.5,
                  "anchorPointY": 0.5,
                  "classType": null,
                  "colorB": 255,
                  "colorG": 255,
                  "colorR": 255,
                  "flipX": false,
                  "flipY": false,
                  "height": 64,
                  "ignoreSize": true,
                  "layoutParameter": null,
                  "opacity": 255,
                  "positionPercentX": 0.194444448,
                  "positionPercentY": 0.194444448,
                  "positionType": 0,
                  "rotation": 0,
                  "scaleX": 0.6999999,
                  "scaleY": 0.6999999,
                  "sizePercentX": 2.22222233,
                  "sizePercentY": 2.22222233,
                  "sizeType": 0,
                  "tag": 484,
                  "touchAble": false,
                  "useMergedTexture": false,
                  "visible": true,
                  "width": 64,
                  "x": 7,
                  "y": 7,
                  "capInsetsHeight": 0,
                  "capInsetsWidth": 0,
                  "capInsetsX": 0,
                  "capInsetsY": 0,
                  "fileName": null,
                  "fileNameData": {
                    "path": "SystemSetting_OptionSelected.png",
                    "plistFile": "MainUI_part2.plist",
                    "resourceType": 1
                  },
                  "scale9Enable": false,
                  "scale9Height": 64,
                  "scale9Width": 64
                }
              }
            ],
            "options": {
              "__type": "ComGUIButtonSurrogate:#EditorCommon.JsonModel.Component.GUI",
              "classname": "Button",
              "name": "Btn_Sound",
              "ZOrder": 2,
              "actiontag": 2979,
              "anchorPointX": 0.5,
              "anchorPointY": 0.5,
              "classType": null,
              "colorB": 255,
              "colorG": 255,
              "colorR": 255,
              "flipX": false,
              "flipY": false,
              "height": 36,
              "ignoreSize": true,
              "layoutParameter": null,
              "opacity": 255,
              "positionPercentX": -0.181538463,
              "positionPercentY": -0.592417061,
              "positionType": 0,
              "rotation": 0,
              "scaleX": 1,
              "scaleY": 1,
              "sizePercentX": 0.158461541,
              "sizePercentY": 0.189573467,
              "sizeType": 0,
              "tag": 478,
              "touchAble": true,
              "useMergedTexture": false,
              "visible": true,
              "width": 36,
              "x": -118,
              "y": -125,
              "capInsetsHeight": 0,
              "capInsetsWidth": 0,
              "capInsetsX": 0,
              "capInsetsY": 0,
              "disabled": null,
              "disabledData": {
                "path": null,
                "plistFile": null,
                "resourceType": 0
              },
              "fontName": "微软雅黑",
              "fontSize": 14,
              "fontType": 0,
              "normal": null,
              "normalData": {
                "path": "GuildLableBG.png",
                "plistFile": "UIFrame.plist",
                "resourceType": 1
              },
              "pressed": null,
              "pressedData": {
                "path": null,
                "plistFile": null,
                "resourceType": 0
              },
              "scale9Enable": false,
              "scale9Height": 36,
              "scale9Width": 36,
              "text": "",
              "textColorB": 255,
              "textColorG": 255,
              "textColorR": 255
            }
          },
          {
            "classname": "Button",
            "name": null,
            "children": [
              {
                "classname": "Label",
                "name": null,
                "children": [],
                "options": {
                  "__type": "ComGUILabelSurrogate:#EditorCommon.JsonModel.Component.GUI",
                  "classname": "Label",
                  "name": "Ch_Lable",
                  "ZOrder": 1,
                  "actiontag": 2978,
                  "anchorPointX": 1,
                  "anchorPointY": 0.5,
                  "classType": null,
                  "colorB": 255,
                  "colorG": 255,
                  "colorR": 255,
                  "flipX": false,
                  "flipY": false,
                  "height": 27,
                  "ignoreSize": true,
                  "layoutParameter": null,
                  "opacity": 255,
                  "positionPercentX": -1.33333337,
                  "positionPercentY": 0,
                  "positionType": 0,
                  "rotation": 0,
                  "scaleX": 1,
                  "scaleY": 1,
                  "sizePercentX": 2.63888884,
                  "sizePercentY": 0.75,
                  "sizeType": 0,
                  "tag": 479,
                  "touchAble": false,
                  "useMergedTexture": false,
                  "visible": true,
                  "width": 95,
                  "x": -48,
                  "y": 0,
                  "areaHeight": 0,
                  "areaWidth": 0,
                  "fontFile": null,
                  "fontName": "微软雅黑",
                  "fontSize": 20,
                  "hAlignment": 0,
                  "text": "音乐",
                  "touchScaleEnable": false,
                  "vAlignment": 0
                }
              },
              {
                "classname": "ImageView",
                "name": null,
                "children": [],
                "options": {
                  "__type": "ComGUIImageViewSurrogate:#EditorCommon.JsonModel.Component.GUI",
                  "classname": "ImageView",
                  "name": "Mark",
                  "ZOrder": 0,
                  "actiontag": 2983,
                  "anchorPointX": 0.5,
                  "anchorPointY": 0.5,
                  "classType": null,
                  "colorB": 255,
                  "colorG": 255,
                  "colorR": 255,
                  "flipX": false,
                  "flipY": false,
                  "height": 64,
                  "ignoreSize": true,
                  "layoutParameter": null,
                  "opacity": 255,
                  "positionPercentX": 0.194444448,
                  "positionPercentY": 0.194444448,
                  "positionType": 0,
                  "rotation": 0,
                  "scaleX": 0.6999999,
                  "scaleY": 0.6999999,
                  "sizePercentX": 2.22222233,
                  "sizePercentY": 2.22222233,
                  "sizeType": 0,
                  "tag": 484,
                  "touchAble": false,
                  "useMergedTexture": false,
                  "visible": true,
                  "width": 64,
                  "x": 7,
                  "y": 7,
                  "capInsetsHeight": 0,
                  "capInsetsWidth": 0,
                  "capInsetsX": 0,
                  "capInsetsY": 0,
                  "fileName": null,
                  "fileNameData": {
                    "path": "SystemSetting_OptionSelected.png",
                    "plistFile": "MainUI_part2.plist",
                    "resourceType": 1
                  },
                  "scale9Enable": false,
                  "scale9Height": 64,
                  "scale9Width": 64
                }
              }
            ],
            "options": {
              "__type": "ComGUIButtonSurrogate:#EditorCommon.JsonModel.Component.GUI",
              "classname": "Button",
              "name": "Btn_Music",
              "ZOrder": 1,
              "actiontag": 2977,
              "anchorPointX": 0.5,
              "anchorPointY": 0.5,
              "classType": null,
              "colorB": 255,
              "colorG": 255,
              "colorR": 255,
              "flipX": false,
              "flipY": false,
              "height": 36,
              "ignoreSize": true,
              "layoutParameter": null,
              "opacity": 255,
              "positionPercentX": -0.181538463,
              "positionPercentY": -0.232227489,
              "positionType": 0,
              "rotation": 0,
              "scaleX": 1,
              "scaleY": 1,
              "sizePercentX": 0.158461541,
              "sizePercentY": 0.189573467,
              "sizeType": 0,
              "tag": 478,
              "touchAble": true,
              "useMergedTexture": false,
              "visible": true,
              "width": 36,
              "x": -118,
              "y": -49,
              "capInsetsHeight": 0,
              "capInsetsWidth": 0,
              "capInsetsX": 0,
              "capInsetsY": 0,
              "disabled": null,
              "disabledData": {
                "path": null,
                "plistFile": null,
                "resourceType": 0
              },
              "fontName": "微软雅黑",
              "fontSize": 14,
              "fontType": 0,
              "normal": null,
              "normalData": {
                "path": "GuildLableBG.png",
                "plistFile": "UIFrame.plist",
                "resourceType": 1
              },
              "pressed": null,
              "pressedData": {
                "path": null,
                "plistFile": null,
                "resourceType": 0
              },
              "scale9Enable": false,
              "scale9Height": 36,
              "scale9Width": 36,
              "text": "",
              "textColorB": 255,
              "textColorG": 255,
              "textColorR": 255
            }
          }
        ],
        "options": {
          "__type": "ComGUIImageViewSurrogate:#EditorCommon.JsonModel.Component.GUI",
          "classname": "ImageView",
          "name": "Btn_Bg",
          "ZOrder": 3,
          "actiontag": 2971,
          "anchorPointX": 0.5,
          "anchorPointY": 1,
          "classType": null,
          "colorB": 255,
          "colorG": 255,
          "colorR": 255,
          "flipX": false,
          "flipY": false,
          "height": 211,
          "ignoreSize": false,
          "layoutParameter": null,
          "opacity": 255,
          "positionPercentX": 0.5,
          "positionPercentY": 0.80625,
          "positionType": 1,
          "rotation": 0,
          "scaleX": 1,
          "scaleY": 1,
          "sizePercentX": 0.9027778,
          "sizePercentY": 0.439583331,
          "sizeType": 0,
          "tag": 472,
          "touchAble": true,
          "useMergedTexture": false,
          "visible": true,
          "width": 650,
          "x": 360,
          "y": 387,
          "capInsetsHeight": 0,
          "capInsetsWidth": 0,
          "capInsetsX": 0,
          "capInsetsY": 0,
          "fileName": null,
          "fileNameData": {
            "path": "BattleAcounts_2nd.png",
            "plistFile": "UIFrame.plist",
            "resourceType": 1
          },
          "scale9Enable": true,
          "scale9Height": 211,
          "scale9Width": 650
        }
      }
    ],
    "options": {
      "__type": "ComGUIPanelSurrogate:#EditorCommon.JsonModel.Component.GUI",
      "classname": "Panel",
      "name": "Setting_Panel",
      "ZOrder": 0,
      "actiontag": -1,
      "anchorPointX": 0,
      "anchorPointY": 0,
      "classType": null,
      "colorB": 255,
      "colorG": 255,
      "colorR": 255,
      "flipX": false,
      "flipY": false,
      "height": 480,
      "ignoreSize": false,
      "layoutParameter": null,
      "opacity": 255,
      "positionPercentX": 0,
      "positionPercentY": 0,
      "positionType": 0,
      "rotation": 0,
      "scaleX": 1,
      "scaleY": 1,
      "sizePercentX": 1,
      "sizePercentY": 1,
      "sizeType": 0,
      "tag": 47,
      "touchAble": true,
      "useMergedTexture": false,
      "visible": true,
      "width": 720,
      "x": 0,
      "y": 0,
      "backGroundImage": null,
      "backGroundImageData": null,
      "backGroundScale9Enable": false,
      "bgColorB": 255,
      "bgColorG": 200,
      "bgColorOpacity": 0,
      "bgColorR": 150,
      "bgEndColorB": 255,
      "bgEndColorG": 200,
      "bgEndColorR": 150,
      "bgStartColorB": 255,
      "bgStartColorG": 255,
      "bgStartColorR": 255,
      "capInsetsHeight": 0,
      "capInsetsWidth": 0,
      "capInsetsX": 0,
      "capInsetsY": 0,
      "clipAble": false,
      "colorType": 1,
      "layoutType": 0,
      "vectorX": 0,
      "vectorY": -0.5
    }
  }
}