{
  "classname": null,
  "name": null,
  "animation": {
    "classname": null,
    "name": "AnimationManager",
    "actionlist": []
  },
  "dataScale": 1,
  "designHeight": 480,
  "designWidth": 720,
  "textures": [
    "LoginUI_part1.plist",
    "LoginUI_part2.plist",
    "Login_Frame.plist",
    "MainUI_part2.plist",
    "MainUI_part3.plist",
    "main_scene_ui.plist",
    "UIFrame.plist",
    "UIFrame2.plist"
  ],
  "version": "1.2.0.1",
  "widgetTree": {
    "classname": "Panel",
    "name": null,
    "children": [
      {
        "classname": "ImageView",
        "name": null,
        "children": [],
        "options": {
          "__type": "ComGUIImageViewSurrogate:#EditorCommon.JsonModel.Component.GUI",
          "classname": "ImageView",
          "name": "Select_Img",
          "ZOrder": 2,
          "actiontag": 3938,
          "anchorPointX": 0.5,
          "anchorPointY": 0.5,
          "classType": null,
          "colorB": 255,
          "colorG": 255,
          "colorR": 255,
          "flipX": false,
          "flipY": false,
          "height": 67,
          "ignoreSize": false,
          "layoutParameter": null,
          "opacity": 255,
          "positionPercentX": 0.4984985,
          "positionPercentY": 0.5,
          "positionType": 0,
          "rotation": 0,
          "scaleX": 1,
          "scaleY": 1,
          "sizePercentX": 0.9309309,
          "sizePercentY": 0.95714283,
          "sizeType": 0,
          "tag": 584,
          "touchAble": false,
          "useMergedTexture": false,
          "visible": false,
          "width": 310,
          "x": 166,
          "y": 35,
          "capInsetsHeight": 0,
          "capInsetsWidth": 0,
          "capInsetsX": 0,
          "capInsetsY": 0,
          "fileName": null,
          "fileNameData": {
            "path": "StarUp_Selected.png",
            "plistFile": "UIFrame.plist",
            "resourceType": 1
          },
          "scale9Enable": true,
          "scale9Height": 67,
          "scale9Width": 310
        }
      },
      {
        "classname": "Button",
        "name": null,
        "children": [
          {
            "classname": "ImageView",
            "name": null,
            "children": [],
            "options": {
              "__type": "ComGUIImageViewSurrogate:#EditorCommon.JsonModel.Component.GUI",
              "classname": "ImageView",
              "name": "Skill_Bg",
              "ZOrder": 0,
              "actiontag": 3934,
              "anchorPointX": 0.5,
              "anchorPointY": 0.5,
              "classType": null,
              "colorB": 181,
              "colorG": 181,
              "colorR": 181,
              "flipX": false,
              "flipY": false,
              "height": 46,
              "ignoreSize": false,
              "layoutParameter": null,
              "opacity": 255,
              "positionPercentX": -0.367741942,
              "positionPercentY": 0,
              "positionType": 0,
              "rotation": 0,
              "scaleX": 1.2,
              "scaleY": 1.2,
              "sizePercentX": 0.154838711,
              "sizePercentY": 0.6865672,
              "sizeType": 0,
              "tag": 580,
              "touchAble": false,
              "useMergedTexture": false,
              "visible": true,
              "width": 48,
              "x": -114,
              "y": 0,
              "capInsetsHeight": 0,
              "capInsetsWidth": 0,
              "capInsetsX": 0,
              "capInsetsY": 0,
              "fileName": null,
              "fileNameData": {
                "path": "MainUi/SkillTrain_IconFrame.png",
                "plistFile": null,
                "resourceType": 0
              },
              "scale9Enable": false,
              "scale9Height": 46,
              "scale9Width": 48
            }
          }
        ],
        "options": {
          "__type": "ComGUIButtonSurrogate:#EditorCommon.JsonModel.Component.GUI",
          "classname": "Button",
          "name": "Btn_Select",
          "ZOrder": 0,
          "actiontag": 3940,
          "anchorPointX": 0.5,
          "anchorPointY": 0.5,
          "classType": null,
          "colorB": 99,
          "colorG": 99,
          "colorR": 99,
          "flipX": false,
          "flipY": false,
          "height": 67,
          "ignoreSize": false,
          "layoutParameter": null,
          "opacity": 255,
          "positionPercentX": 0.5015015,
          "positionPercentY": 0.471428573,
          "positionType": 0,
          "rotation": 0,
          "scaleX": 1,
          "scaleY": 1,
          "sizePercentX": 0.9309309,
          "sizePercentY": 0.95714283,
          "sizeType": 0,
          "tag": 586,
          "touchAble": true,
          "useMergedTexture": false,
          "visible": true,
          "width": 310,
          "x": 167,
          "y": 33,
          "capInsetsHeight": 0,
          "capInsetsWidth": 0,
          "capInsetsX": 0,
          "capInsetsY": 0,
          "disabled": null,
          "disabledData": {
            "path": null,
            "plistFile": null,
            "resourceType": 0
          },
          "fontName": "微软雅黑",
          "fontSize": 14,
          "fontType": 0,
          "normal": null,
          "normalData": {
            "path": "AllianceBG.png",
            "plistFile": "MainUI_part2.plist",
            "resourceType": 1
          },
          "pressed": null,
          "pressedData": {
            "path": "AllianceBG.png",
            "plistFile": "MainUI_part2.plist",
            "resourceType": 1
          },
          "scale9Enable": true,
          "scale9Height": 67,
          "scale9Width": 310,
          "text": "",
          "textColorB": 255,
          "textColorG": 255,
          "textColorR": 255
        }
      },
      {
        "classname": "ImageView",
        "name": null,
        "children": [],
        "options": {
          "__type": "ComGUIImageViewSurrogate:#EditorCommon.JsonModel.Component.GUI",
          "classname": "ImageView",
          "name": "Skill_Logo",
          "ZOrder": 2,
          "actiontag": 3933,
          "anchorPointX": 0.5,
          "anchorPointY": 0.5,
          "classType": null,
          "colorB": 255,
          "colorG": 255,
          "colorR": 255,
          "flipX": false,
          "flipY": false,
          "height": 64,
          "ignoreSize": true,
          "layoutParameter": null,
          "opacity": 255,
          "positionPercentX": 0.156156152,
          "positionPercentY": 0.4857143,
          "positionType": 0,
          "rotation": 0,
          "scaleX": 0.6999999,
          "scaleY": 0.6999999,
          "sizePercentX": 0.240240246,
          "sizePercentY": 1.14285719,
          "sizeType": 0,
          "tag": 579,
          "touchAble": false,
          "useMergedTexture": false,
          "visible": true,
          "width": 64,
          "x": 52,
          "y": 34,
          "capInsetsHeight": 0,
          "capInsetsWidth": 0,
          "capInsetsX": 0,
          "capInsetsY": 0,
          "fileName": null,
          "fileNameData": {
            "path": "Skill/r3_s102.png",
            "plistFile": null,
            "resourceType": 0
          },
          "scale9Enable": false,
          "scale9Height": 64,
          "scale9Width": 64
        }
      },
      {
        "classname": "Label",
        "name": null,
        "children": [],
        "options": {
          "__type": "ComGUILabelSurrogate:#EditorCommon.JsonModel.Component.GUI",
          "classname": "Label",
          "name": "Skill_Name",
          "ZOrder": 3,
          "actiontag": 5506,
          "anchorPointX": 0,
          "anchorPointY": 0.5,
          "classType": null,
          "colorB": 255,
          "colorG": 188,
          "colorR": 0,
          "flipX": false,
          "flipY": false,
          "height": 27,
          "ignoreSize": true,
          "layoutParameter": null,
          "opacity": 255,
          "positionPercentX": 0.258258253,
          "positionPercentY": 0.742857158,
          "positionType": 0,
          "rotation": 0,
          "scaleX": 1,
          "scaleY": 1,
          "sizePercentX": 0.2852853,
          "sizePercentY": 0.3857143,
          "sizeType": 0,
          "tag": 908,
          "touchAble": false,
          "useMergedTexture": false,
          "visible": true,
          "width": 95,
          "x": 86,
          "y": 52,
          "areaHeight": 0,
          "areaWidth": 0,
          "fontFile": null,
          "fontName": "微软雅黑",
          "fontSize": 15,
          "hAlignment": 0,
          "text": "螺旋吸丸",
          "touchScaleEnable": false,
          "vAlignment": 0
        }
      },
      {
        "classname": "Label",
        "name": null,
        "children": [],
        "options": {
          "__type": "ComGUILabelSurrogate:#EditorCommon.JsonModel.Component.GUI",
          "classname": "Label",
          "name": "Lv_Num_Lable",
          "ZOrder": 3,
          "actiontag": 5507,
          "anchorPointX": 0,
          "anchorPointY": 0.5,
          "classType": null,
          "colorB": 255,
          "colorG": 255,
          "colorR": 255,
          "flipX": false,
          "flipY": false,
          "height": 27,
          "ignoreSize": true,
          "layoutParameter": null,
          "opacity": 255,
          "positionPercentX": 0.258258253,
          "positionPercentY": 0.328571439,
          "positionType": 0,
          "rotation": 0,
          "scaleX": 1,
          "scaleY": 1,
          "sizePercentX": 0.2852853,
          "sizePercentY": 0.3857143,
          "sizeType": 0,
          "tag": 909,
          "touchAble": false,
          "useMergedTexture": false,
          "visible": true,
          "width": 95,
          "x": 86,
          "y": 23,
          "areaHeight": 0,
          "areaWidth": 0,
          "fontFile": null,
          "fontName": "微软雅黑",
          "fontSize": 18,
          "hAlignment": 0,
          "text": "Lv12",
          "touchScaleEnable": false,
          "vAlignment": 0
        }
      },
      {
        "classname": "Label",
        "name": null,
        "children": [],
        "options": {
          "__type": "ComGUILabelSurrogate:#EditorCommon.JsonModel.Component.GUI",
          "classname": "Label",
          "name": "Have_Lable",
          "ZOrder": 3,
          "actiontag": 5508,
          "anchorPointX": 0,
          "anchorPointY": 0.5,
          "classType": null,
          "colorB": 7,
          "colorG": 0,
          "colorR": 252,
          "flipX": false,
          "flipY": false,
          "height": 27,
          "ignoreSize": true,
          "layoutParameter": null,
          "opacity": 255,
          "positionPercentX": 0.7597598,
          "positionPercentY": 0.5,
          "positionType": 0,
          "rotation": 0,
          "scaleX": 1,
          "scaleY": 1,
          "sizePercentX": 0.2852853,
          "sizePercentY": 0.3857143,
          "sizeType": 0,
          "tag": 910,
          "touchAble": false,
          "useMergedTexture": false,
          "visible": false,
          "width": 95,
          "x": 253,
          "y": 35,
          "areaHeight": 0,
          "areaWidth": 0,
          "fontFile": null,
          "fontName": "微软雅黑",
          "fontSize": 15,
          "hAlignment": 0,
          "text": "已装备",
          "touchScaleEnable": false,
          "vAlignment": 0
        }
      },
      {
        "classname": "Label",
        "name": null,
        "children": [],
        "options": {
          "__type": "ComGUILabelSurrogate:#EditorCommon.JsonModel.Component.GUI",
          "classname": "Label",
          "name": "Skill_Id_Lable",
          "ZOrder": 3,
          "actiontag": 5587,
          "anchorPointX": 0.5,
          "anchorPointY": 0.5,
          "classType": null,
          "colorB": 255,
          "colorG": 255,
          "colorR": 255,
          "flipX": false,
          "flipY": false,
          "height": 27,
          "ignoreSize": true,
          "layoutParameter": null,
          "opacity": 255,
          "positionPercentX": 0,
          "positionPercentY": 0,
          "positionType": 0,
          "rotation": 0,
          "scaleX": 1,
          "scaleY": 1,
          "sizePercentX": 0.2852853,
          "sizePercentY": 0.3857143,
          "sizeType": 0,
          "tag": 917,
          "touchAble": false,
          "useMergedTexture": false,
          "visible": false,
          "width": 95,
          "x": 0,
          "y": 0,
          "areaHeight": 0,
          "areaWidth": 0,
          "fontFile": null,
          "fontName": "微软雅黑",
          "fontSize": 20,
          "hAlignment": 0,
          "text": "1",
          "touchScaleEnable": false,
          "vAlignment": 0
        }
      }
    ],
    "options": {
      "__type": "ComGUIPanelSurrogate:#EditorCommon.JsonModel.Component.GUI",
      "classname": "Panel",
      "name": "Skill_Info_Panel",
      "ZOrder": 0,
      "actiontag": -1,
      "anchorPointX": 0,
      "anchorPointY": 0,
      "classType": null,
      "colorB": 255,
      "colorG": 255,
      "colorR": 255,
      "flipX": false,
      "flipY": false,
      "height": 70,
      "ignoreSize": false,
      "layoutParameter": null,
      "opacity": 255,
      "positionPercentX": 0,
      "positionPercentY": 0,
      "positionType": 0,
      "rotation": 0,
      "scaleX": 1,
      "scaleY": 1,
      "sizePercentX": 1,
      "sizePercentY": 1,
      "sizeType": 0,
      "tag": 577,
      "touchAble": true,
      "useMergedTexture": false,
      "visible": true,
      "width": 333,
      "x": 0,
      "y": 0,
      "backGroundImage": null,
      "backGroundImageData": null,
      "backGroundScale9Enable": false,
      "bgColorB": 255,
      "bgColorG": 200,
      "bgColorOpacity": 57,
      "bgColorR": 150,
      "bgEndColorB": 255,
      "bgEndColorG": 200,
      "bgEndColorR": 150,
      "bgStartColorB": 255,
      "bgStartColorG": 255,
      "bgStartColorR": 255,
      "capInsetsHeight": 0,
      "capInsetsWidth": 0,
      "capInsetsX": 0,
      "capInsetsY": 0,
      "clipAble": false,
      "colorType": 0,
      "layoutType": 0,
      "vectorX": 0,
      "vectorY": -0.5
    }
  }
}