{
  "classname": null,
  "name": null,
  "animation": {
    "classname": null,
    "name": "AnimationManager",
    "actionlist": []
  },
  "dataScale": 1,
  "designHeight": 480,
  "designWidth": 720,
  "textures": [
    "LoginUI_part1.plist",
    "LoginUI_part2.plist",
    "Login_Frame.plist",
    "MainUI_part2.plist",
    "MainUI_part3.plist",
    "main_scene_ui.plist",
    "UIFrame.plist",
    "UIFrame2.plist"
  ],
  "version": "1.2.0.1",
  "widgetTree": {
    "classname": "Panel",
    "name": null,
    "children": [
      {
        "classname": "ImageView",
        "name": null,
        "children": [],
        "options": {
          "__type": "ComGUIImageViewSurrogate:#EditorCommon.JsonModel.Component.GUI",
          "classname": "ImageView",
          "name": "Bg",
          "ZOrder": -1,
          "actiontag": 189,
          "anchorPointX": 0.5,
          "anchorPointY": 0.5,
          "classType": null,
          "colorB": 0,
          "colorG": 0,
          "colorR": 0,
          "flipX": false,
          "flipY": false,
          "height": 480,
          "ignoreSize": false,
          "layoutParameter": null,
          "opacity": 200,
          "positionPercentX": 0.5013889,
          "positionPercentY": 0.5,
          "positionType": 0,
          "rotation": 0.0300365537,
          "scaleX": 1,
          "scaleY": 1,
          "sizePercentX": 1.4000001,
          "sizePercentY": 1,
          "sizeType": 1,
          "tag": 51,
          "touchAble": false,
          "useMergedTexture": false,
          "visible": true,
          "width": 1008.00006,
          "x": 361,
          "y": 240,
          "capInsetsHeight": 0,
          "capInsetsWidth": 0,
          "capInsetsX": 0,
          "capInsetsY": 0,
          "fileName": null,
          "fileNameData": {
            "path": "MainUi/BG_WoodFloor.png",
            "plistFile": null,
            "resourceType": 0
          },
          "scale9Enable": false,
          "scale9Height": 480,
          "scale9Width": 1008.00006
        }
      },
      {
        "classname": "Panel",
        "name": null,
        "children": [
          {
            "classname": "Panel",
            "name": null,
            "children": [
              {
                "classname": "Button",
                "name": null,
                "children": [],
                "options": {
                  "__type": "ComGUIButtonSurrogate:#EditorCommon.JsonModel.Component.GUI",
                  "classname": "Button",
                  "name": "Btn_Equ",
                  "ZOrder": 0,
                  "actiontag": 5511,
                  "anchorPointX": 0.5,
                  "anchorPointY": 0.5,
                  "classType": null,
                  "colorB": 255,
                  "colorG": 255,
                  "colorR": 255,
                  "flipX": false,
                  "flipY": false,
                  "height": 56,
                  "ignoreSize": true,
                  "layoutParameter": null,
                  "opacity": 255,
                  "positionPercentX": 1.11999965,
                  "positionPercentY": 0.501666665,
                  "positionType": 0,
                  "rotation": 0,
                  "scaleX": 0.5999999,
                  "scaleY": 0.5999999,
                  "sizePercentX": 0.515,
                  "sizePercentY": 0.2,
                  "sizeType": 0,
                  "tag": 912,
                  "touchAble": true,
                  "useMergedTexture": false,
                  "visible": true,
                  "width": 148,
                  "x": 223,
                  "y": 100,
                  "capInsetsHeight": 0,
                  "capInsetsWidth": 0,
                  "capInsetsX": 0,
                  "capInsetsY": 0,
                  "disabled": null,
                  "disabledData": {
                    "path": null,
                    "plistFile": null,
                    "resourceType": 0
                  },
                  "fontName": "微软雅黑",
                  "fontSize": 30,
                  "fontType": 0,
                  "normal": null,
                  "normalData": {
                    "path": "MainUi/CommonGreenBtn_Normal.png",
                    "plistFile": null,
                    "resourceType": 0
                  },
                  "pressed": null,
                  "pressedData": {
                    "path": "MainUi/CommonGreenBtn_Clicked.png",
                    "plistFile": null,
                    "resourceType": 0
                  },
                  "scale9Enable": false,
                  "scale9Height": 56,
                  "scale9Width": 148,
                  "text": "装备",
                  "textColorB": 255,
                  "textColorG": 255,
                  "textColorR": 255
                }
              },
              {
                "classname": "Label",
                "name": null,
                "children": [],
                "options": {
                  "__type": "ComGUILabelSurrogate:#EditorCommon.JsonModel.Component.GUI",
                  "classname": "Label",
                  "name": "Skill_Next_Lable",
                  "ZOrder": 0,
                  "actiontag": 5517,
                  "anchorPointX": 0,
                  "anchorPointY": 0.5,
                  "classType": null,
                  "colorB": 9,
                  "colorG": 54,
                  "colorR": 82,
                  "flipX": false,
                  "flipY": false,
                  "height": 27,
                  "ignoreSize": true,
                  "layoutParameter": null,
                  "opacity": 255,
                  "positionPercentX": 0.20856072,
                  "positionPercentY": 1.35564387,
                  "positionType": 0,
                  "rotation": 0,
                  "scaleX": 0.9,
                  "scaleY": 0.9,
                  "sizePercentX": 0.475,
                  "sizePercentY": 0.135,
                  "sizeType": 0,
                  "tag": 1136,
                  "touchAble": false,
                  "useMergedTexture": false,
                  "visible": true,
                  "width": 95,
                  "x": 41,
                  "y": 271,
                  "areaHeight": 0,
                  "areaWidth": 0,
                  "fontFile": null,
                  "fontName": "微软雅黑",
                  "fontSize": 14,
                  "hAlignment": 0,
                  "text": "下一等级",
                  "touchScaleEnable": false,
                  "vAlignment": 0
                }
              },
              {
                "classname": "Label",
                "name": null,
                "children": [],
                "options": {
                  "__type": "ComGUILabelSurrogate:#EditorCommon.JsonModel.Component.GUI",
                  "classname": "Label",
                  "name": "Skill_Next_Lv_Info_Lable",
                  "ZOrder": 0,
                  "actiontag": 5516,
                  "anchorPointX": 0,
                  "anchorPointY": 1,
                  "classType": null,
                  "colorB": 9,
                  "colorG": 54,
                  "colorR": 82,
                  "flipX": false,
                  "flipY": false,
                  "height": 84,
                  "ignoreSize": false,
                  "layoutParameter": null,
                  "opacity": 255,
                  "positionPercentX": 0.20874992,
                  "positionPercentY": 1.29999983,
                  "positionType": 0,
                  "rotation": 0,
                  "scaleX": 0.9,
                  "scaleY": 0.9,
                  "sizePercentX": 1.395,
                  "sizePercentY": 0.42,
                  "sizeType": 0,
                  "tag": 1136,
                  "touchAble": false,
                  "useMergedTexture": false,
                  "visible": true,
                  "width": 279,
                  "x": 41,
                  "y": 259,
                  "areaHeight": 84,
                  "areaWidth": 279,
                  "fontFile": null,
                  "fontName": "微软雅黑",
                  "fontSize": 12,
                  "hAlignment": 0,
                  "text": "将两手用力向地上拍，有尘土飞起效果，在鸣人双手按下的地方出现两只手抓伸向空中，手中各拖着一个螺旋丸将敌人击向空中并击倒",
                  "touchScaleEnable": false,
                  "vAlignment": 0
                }
              },
              {
                "classname": "Label",
                "name": null,
                "children": [],
                "options": {
                  "__type": "ComGUILabelSurrogate:#EditorCommon.JsonModel.Component.GUI",
                  "classname": "Label",
                  "name": "Skill_Lv_Num_Lable",
                  "ZOrder": 0,
                  "actiontag": 5514,
                  "anchorPointX": 0,
                  "anchorPointY": 0.5,
                  "classType": null,
                  "colorB": 9,
                  "colorG": 54,
                  "colorR": 82,
                  "flipX": false,
                  "flipY": false,
                  "height": 27,
                  "ignoreSize": true,
                  "layoutParameter": null,
                  "opacity": 255,
                  "positionPercentX": 0.7858331,
                  "positionPercentY": 1.86791658,
                  "positionType": 0,
                  "rotation": 0,
                  "scaleX": 0.9,
                  "scaleY": 0.9,
                  "sizePercentX": 0.475,
                  "sizePercentY": 0.135,
                  "sizeType": 0,
                  "tag": 1136,
                  "touchAble": false,
                  "useMergedTexture": false,
                  "visible": true,
                  "width": 95,
                  "x": 157,
                  "y": 373,
                  "areaHeight": 0,
                  "areaWidth": 0,
                  "fontFile": null,
                  "fontName": "微软雅黑",
                  "fontSize": 18,
                  "hAlignment": 0,
                  "text": "Lv12",
                  "touchScaleEnable": false,
                  "vAlignment": 0
                }
              },
              {
                "classname": "Label",
                "name": null,
                "children": [],
                "options": {
                  "__type": "ComGUILabelSurrogate:#EditorCommon.JsonModel.Component.GUI",
                  "classname": "Label",
                  "name": "Skill_Name",
                  "ZOrder": 0,
                  "actiontag": 5513,
                  "anchorPointX": 0,
                  "anchorPointY": 0.5,
                  "classType": null,
                  "colorB": 224,
                  "colorG": 190,
                  "colorR": 9,
                  "flipX": false,
                  "flipY": false,
                  "height": 27,
                  "ignoreSize": true,
                  "layoutParameter": null,
                  "opacity": 255,
                  "positionPercentX": 0.2233334,
                  "positionPercentY": 1.86666656,
                  "positionType": 0,
                  "rotation": 0,
                  "scaleX": 0.9,
                  "scaleY": 0.9,
                  "sizePercentX": 0.475,
                  "sizePercentY": 0.135,
                  "sizeType": 0,
                  "tag": 1136,
                  "touchAble": false,
                  "useMergedTexture": false,
                  "visible": true,
                  "width": 95,
                  "x": 44,
                  "y": 373,
                  "areaHeight": 0,
                  "areaWidth": 0,
                  "fontFile": null,
                  "fontName": "微软雅黑",
                  "fontSize": 18,
                  "hAlignment": 0,
                  "text": "九尾螺旋丸",
                  "touchScaleEnable": false,
                  "vAlignment": 0
                }
              },
              {
                "classname": "Label",
                "name": null,
                "children": [],
                "options": {
                  "__type": "ComGUILabelSurrogate:#EditorCommon.JsonModel.Component.GUI",
                  "classname": "Label",
                  "name": "Up_Lable",
                  "ZOrder": 0,
                  "actiontag": 5518,
                  "anchorPointX": 0,
                  "anchorPointY": 0.5,
                  "classType": null,
                  "colorB": 9,
                  "colorG": 54,
                  "colorR": 82,
                  "flipX": false,
                  "flipY": false,
                  "height": 27,
                  "ignoreSize": true,
                  "layoutParameter": null,
                  "opacity": 255,
                  "positionPercentX": 0.209999382,
                  "positionPercentY": 0.84,
                  "positionType": 0,
                  "rotation": 0,
                  "scaleX": 1,
                  "scaleY": 1,
                  "sizePercentX": 0.475,
                  "sizePercentY": 0.135,
                  "sizeType": 0,
                  "tag": 1141,
                  "touchAble": false,
                  "useMergedTexture": false,
                  "visible": true,
                  "width": 95,
                  "x": 41,
                  "y": 168,
                  "areaHeight": 0,
                  "areaWidth": 0,
                  "fontFile": null,
                  "fontName": "微软雅黑",
                  "fontSize": 14,
                  "hAlignment": 0,
                  "text": "升级条件：",
                  "touchScaleEnable": false,
                  "vAlignment": 0
                }
              },
              {
                "classname": "Label",
                "name": null,
                "children": [],
                "options": {
                  "__type": "ComGUILabelSurrogate:#EditorCommon.JsonModel.Component.GUI",
                  "classname": "Label",
                  "name": "Skill_Info_Lable",
                  "ZOrder": 0,
                  "actiontag": 5515,
                  "anchorPointX": 0,
                  "anchorPointY": 1,
                  "classType": null,
                  "colorB": 9,
                  "colorG": 54,
                  "colorR": 82,
                  "flipX": false,
                  "flipY": false,
                  "height": 84,
                  "ignoreSize": false,
                  "layoutParameter": null,
                  "opacity": 255,
                  "positionPercentX": 0.214999929,
                  "positionPercentY": 1.79625,
                  "positionType": 0,
                  "rotation": 0,
                  "scaleX": 0.9,
                  "scaleY": 0.9,
                  "sizePercentX": 1.395,
                  "sizePercentY": 0.42,
                  "sizeType": 0,
                  "tag": 1136,
                  "touchAble": false,
                  "useMergedTexture": false,
                  "visible": true,
                  "width": 279,
                  "x": 42,
                  "y": 359,
                  "areaHeight": 84,
                  "areaWidth": 279,
                  "fontFile": null,
                  "fontName": "微软雅黑",
                  "fontSize": 12,
                  "hAlignment": 0,
                  "text": "将两手用力向地上拍，有尘土飞起效果，在鸣人双手按下的地方出现两只手抓伸向空中，手中各拖着一个螺旋丸将敌人击向空中并击倒",
                  "touchScaleEnable": false,
                  "vAlignment": 0
                }
              },
              {
                "classname": "Button",
                "name": null,
                "children": [],
                "options": {
                  "__type": "ComGUIButtonSurrogate:#EditorCommon.JsonModel.Component.GUI",
                  "classname": "Button",
                  "name": "Btn_Up_Grade",
                  "ZOrder": 0,
                  "actiontag": 5510,
                  "anchorPointX": 0.5,
                  "anchorPointY": 0.5,
                  "classType": null,
                  "colorB": 255,
                  "colorG": 255,
                  "colorR": 255,
                  "flipX": false,
                  "flipY": false,
                  "height": 56,
                  "ignoreSize": true,
                  "layoutParameter": null,
                  "opacity": 255,
                  "positionPercentX": 0.5000003,
                  "positionPercentY": 0.501666665,
                  "positionType": 0,
                  "rotation": 0,
                  "scaleX": 0.5999999,
                  "scaleY": 0.5999999,
                  "sizePercentX": 0.515,
                  "sizePercentY": 0.2,
                  "sizeType": 0,
                  "tag": 912,
                  "touchAble": true,
                  "useMergedTexture": false,
                  "visible": true,
                  "width": 148,
                  "x": 100,
                  "y": 100,
                  "capInsetsHeight": 0,
                  "capInsetsWidth": 0,
                  "capInsetsX": 0,
                  "capInsetsY": 0,
                  "disabled": null,
                  "disabledData": {
                    "path": null,
                    "plistFile": null,
                    "resourceType": 0
                  },
                  "fontName": "微软雅黑",
                  "fontSize": 30,
                  "fontType": 0,
                  "normal": null,
                  "normalData": {
                    "path": "MainUi/CommonGreenBtn_Normal.png",
                    "plistFile": null,
                    "resourceType": 0
                  },
                  "pressed": null,
                  "pressedData": {
                    "path": "MainUi/CommonGreenBtn_Clicked.png",
                    "plistFile": null,
                    "resourceType": 0
                  },
                  "scale9Enable": false,
                  "scale9Height": 56,
                  "scale9Width": 148,
                  "text": "升级",
                  "textColorB": 255,
                  "textColorG": 255,
                  "textColorR": 255
                }
              }
            ],
            "options": {
              "__type": "ComGUIPanelSurrogate:#EditorCommon.JsonModel.Component.GUI",
              "classname": "Panel",
              "name": "Skill_Info",
              "ZOrder": 17,
              "actiontag": 5519,
              "anchorPointX": 0,
              "anchorPointY": 0,
              "classType": null,
              "colorB": 255,
              "colorG": 255,
              "colorR": 255,
              "flipX": false,
              "flipY": false,
              "height": 200,
              "ignoreSize": false,
              "layoutParameter": null,
              "opacity": 255,
              "positionPercentX": -1.13898096E-07,
              "positionPercentY": -7.721777E-09,
              "positionType": 0,
              "rotation": 0,
              "scaleX": 1,
              "scaleY": 1,
              "sizePercentX": 1,
              "sizePercentY": 1,
              "sizeType": 0,
              "tag": 921,
              "touchAble": false,
              "useMergedTexture": false,
              "visible": false,
              "width": 200,
              "x": 0,
              "y": 0,
              "backGroundImage": null,
              "backGroundImageData": null,
              "backGroundScale9Enable": false,
              "bgColorB": 255,
              "bgColorG": 200,
              "bgColorOpacity": 100,
              "bgColorR": 150,
              "bgEndColorB": 255,
              "bgEndColorG": 200,
              "bgEndColorR": 150,
              "bgStartColorB": 255,
              "bgStartColorG": 255,
              "bgStartColorR": 255,
              "capInsetsHeight": 0,
              "capInsetsWidth": 0,
              "capInsetsX": 0,
              "capInsetsY": 0,
              "clipAble": false,
              "colorType": 0,
              "layoutType": 0,
              "vectorX": 0,
              "vectorY": -0.5
            }
          },
          {
            "classname": "ImageView",
            "name": null,
            "children": [
              {
                "classname": "Label",
                "name": null,
                "children": [],
                "options": {
                  "__type": "ComGUILabelSurrogate:#EditorCommon.JsonModel.Component.GUI",
                  "classname": "Label",
                  "name": "Label_3901",
                  "ZOrder": 1,
                  "actiontag": 3901,
                  "anchorPointX": 0.5,
                  "anchorPointY": 0.5,
                  "classType": null,
                  "colorB": 255,
                  "colorG": 255,
                  "colorR": 255,
                  "flipX": false,
                  "flipY": false,
                  "height": 27,
                  "ignoreSize": true,
                  "layoutParameter": null,
                  "opacity": 255,
                  "positionPercentX": 0,
                  "positionPercentY": 0.0483870953,
                  "positionType": 0,
                  "rotation": 0,
                  "scaleX": 1,
                  "scaleY": 1,
                  "sizePercentX": 0.545977,
                  "sizePercentY": 0.435483873,
                  "sizeType": 0,
                  "tag": 581,
                  "touchAble": false,
                  "useMergedTexture": false,
                  "visible": true,
                  "width": 95,
                  "x": 0,
                  "y": 3,
                  "areaHeight": 0,
                  "areaWidth": 0,
                  "fontFile": null,
                  "fontName": "微软雅黑",
                  "fontSize": 27,
                  "hAlignment": 0,
                  "text": "技能",
                  "touchScaleEnable": false,
                  "vAlignment": 0
                }
              }
            ],
            "options": {
              "__type": "ComGUIImageViewSurrogate:#EditorCommon.JsonModel.Component.GUI",
              "classname": "ImageView",
              "name": "ImageView_1652",
              "ZOrder": 0,
              "actiontag": 1652,
              "anchorPointX": 0.5,
              "anchorPointY": 0.5,
              "classType": null,
              "colorB": 255,
              "colorG": 255,
              "colorR": 255,
              "flipX": false,
              "flipY": false,
              "height": 62,
              "ignoreSize": true,
              "layoutParameter": null,
              "opacity": 255,
              "positionPercentX": -1.30428529,
              "positionPercentY": 2.11357141,
              "positionType": 0,
              "rotation": 0,
              "scaleX": 0.6999999,
              "scaleY": 0.6999999,
              "sizePercentX": 0.4,
              "sizePercentY": 0.4,
              "sizeType": 0,
              "tag": 346,
              "touchAble": false,
              "useMergedTexture": false,
              "visible": true,
              "width": 174,
              "x": -260,
              "y": 422,
              "capInsetsHeight": 0,
              "capInsetsWidth": 0,
              "capInsetsX": 0,
              "capInsetsY": 0,
              "fileName": null,
              "fileNameData": {
                "path": "MainUi/BGTitleFrame.png",
                "plistFile": null,
                "resourceType": 0
              },
              "scale9Enable": false,
              "scale9Height": 62,
              "scale9Width": 174
            }
          },
          {
            "classname": "Button",
            "name": null,
            "children": [],
            "options": {
              "__type": "ComGUIButtonSurrogate:#EditorCommon.JsonModel.Component.GUI",
              "classname": "Button",
              "name": "Btn_Close",
              "ZOrder": 0,
              "actiontag": 204,
              "anchorPointX": 0.5,
              "anchorPointY": 0.5,
              "classType": null,
              "colorB": 255,
              "colorG": 255,
              "colorR": 255,
              "flipX": false,
              "flipY": false,
              "height": 56,
              "ignoreSize": true,
              "layoutParameter": null,
              "opacity": 255,
              "positionPercentX": 1.50642872,
              "positionPercentY": 2.102857,
              "positionType": 0,
              "rotation": 0,
              "scaleX": 0.6999999,
              "scaleY": 0.6999999,
              "sizePercentX": 0.515,
              "sizePercentY": 0.2,
              "sizeType": 0,
              "tag": 66,
              "touchAble": true,
              "useMergedTexture": false,
              "visible": true,
              "width": 58,
              "x": 301,
              "y": 420,
              "capInsetsHeight": 0,
              "capInsetsWidth": 0,
              "capInsetsX": 0,
              "capInsetsY": 0,
              "disabled": null,
              "disabledData": {
                "path": null,
                "plistFile": null,
                "resourceType": 0
              },
              "fontName": "微软雅黑",
              "fontSize": 14,
              "fontType": 0,
              "normal": null,
              "normalData": {
                "path": "MainUi/CloseBtn_Normal.png",
                "plistFile": null,
                "resourceType": 0
              },
              "pressed": null,
              "pressedData": {
                "path": "MainUi/CloseBtn_Clicked.png",
                "plistFile": null,
                "resourceType": 0
              },
              "scale9Enable": false,
              "scale9Height": 56,
              "scale9Width": 58,
              "text": "",
              "textColorB": 255,
              "textColorG": 255,
              "textColorR": 255
            }
          },
          {
            "classname": "ImageView",
            "name": null,
            "children": [
              {
                "classname": "ImageView",
                "name": null,
                "children": [],
                "options": {
                  "__type": "ComGUIImageViewSurrogate:#EditorCommon.JsonModel.Component.GUI",
                  "classname": "ImageView",
                  "name": "ImageView_3904_0",
                  "ZOrder": 2,
                  "actiontag": 5509,
                  "anchorPointX": 0.5,
                  "anchorPointY": 0.5,
                  "classType": null,
                  "colorB": 255,
                  "colorG": 255,
                  "colorR": 255,
                  "flipX": false,
                  "flipY": false,
                  "height": 4,
                  "ignoreSize": true,
                  "layoutParameter": null,
                  "opacity": 255,
                  "positionPercentX": -0.5,
                  "positionPercentY": -0.163636357,
                  "positionType": 0,
                  "rotation": 0,
                  "scaleX": 0.6999999,
                  "scaleY": 0.799999952,
                  "sizePercentX": 0.266666681,
                  "sizePercentY": 0.24242425,
                  "sizeType": 0,
                  "tag": 584,
                  "touchAble": false,
                  "useMergedTexture": false,
                  "visible": true,
                  "width": 392,
                  "x": -150,
                  "y": -54,
                  "capInsetsHeight": 0,
                  "capInsetsWidth": 0,
                  "capInsetsX": 0,
                  "capInsetsY": 0,
                  "fileName": null,
                  "fileNameData": {
                    "path": "MainUi/Attri_CutoffLine.png",
                    "plistFile": null,
                    "resourceType": 0
                  },
                  "scale9Enable": false,
                  "scale9Height": 4,
                  "scale9Width": 392
                }
              },
              {
                "classname": "ImageView",
                "name": null,
                "children": [],
                "options": {
                  "__type": "ComGUIImageViewSurrogate:#EditorCommon.JsonModel.Component.GUI",
                  "classname": "ImageView",
                  "name": "ImageView_3904",
                  "ZOrder": 1,
                  "actiontag": 3904,
                  "anchorPointX": 0.5,
                  "anchorPointY": 0.5,
                  "classType": null,
                  "colorB": 255,
                  "colorG": 255,
                  "colorR": 255,
                  "flipX": false,
                  "flipY": false,
                  "height": 4,
                  "ignoreSize": true,
                  "layoutParameter": null,
                  "opacity": 255,
                  "positionPercentX": -0.5,
                  "positionPercentY": 0.139393941,
                  "positionType": 0,
                  "rotation": 0,
                  "scaleX": 0.6999999,
                  "scaleY": 0.799999952,
                  "sizePercentX": 0.266666681,
                  "sizePercentY": 0.24242425,
                  "sizeType": 0,
                  "tag": 584,
                  "touchAble": false,
                  "useMergedTexture": false,
                  "visible": true,
                  "width": 392,
                  "x": -150,
                  "y": 46,
                  "capInsetsHeight": 0,
                  "capInsetsWidth": 0,
                  "capInsetsX": 0,
                  "capInsetsY": 0,
                  "fileName": null,
                  "fileNameData": {
                    "path": "MainUi/Attri_CutoffLine.png",
                    "plistFile": null,
                    "resourceType": 0
                  },
                  "scale9Enable": false,
                  "scale9Height": 4,
                  "scale9Width": 392
                }
              }
            ],
            "options": {
              "__type": "ComGUIImageViewSurrogate:#EditorCommon.JsonModel.Component.GUI",
              "classname": "ImageView",
              "name": "Text_Bg",
              "ZOrder": 4,
              "actiontag": 3902,
              "anchorPointX": 1,
              "anchorPointY": 0.5,
              "classType": null,
              "colorB": 255,
              "colorG": 255,
              "colorR": 255,
              "flipX": false,
              "flipY": false,
              "height": 330,
              "ignoreSize": false,
              "layoutParameter": null,
              "opacity": 255,
              "positionPercentX": 1.59,
              "positionPercentY": 1.175,
              "positionType": 0,
              "rotation": 0,
              "scaleX": 1,
              "scaleY": 1,
              "sizePercentX": 1.5,
              "sizePercentY": 1.65,
              "sizeType": 1,
              "tag": 582,
              "touchAble": false,
              "useMergedTexture": false,
              "visible": true,
              "width": 300,
              "x": 318,
              "y": 235,
              "capInsetsHeight": 0,
              "capInsetsWidth": 0,
              "capInsetsX": 0,
              "capInsetsY": 0,
              "fileName": null,
              "fileNameData": {
                "path": "PetUI_YellowBG.png",
                "plistFile": "UIFrame2.plist",
                "resourceType": 1
              },
              "scale9Enable": true,
              "scale9Height": 330,
              "scale9Width": 300
            }
          },
          {
            "classname": "ImageView",
            "name": null,
            "children": [],
            "options": {
              "__type": "ComGUIImageViewSurrogate:#EditorCommon.JsonModel.Component.GUI",
              "classname": "ImageView",
              "name": "Bg",
              "ZOrder": 1,
              "actiontag": 3903,
              "anchorPointX": 0.5,
              "anchorPointY": 1,
              "classType": null,
              "colorB": 173,
              "colorG": 173,
              "colorR": 173,
              "flipX": false,
              "flipY": false,
              "height": 340,
              "ignoreSize": false,
              "layoutParameter": null,
              "opacity": 255,
              "positionPercentX": 0,
              "positionPercentY": 2.025,
              "positionType": 0,
              "rotation": 0,
              "scaleX": 1,
              "scaleY": 1,
              "sizePercentX": 3.25,
              "sizePercentY": 1.7,
              "sizeType": 0,
              "tag": 583,
              "touchAble": false,
              "useMergedTexture": false,
              "visible": true,
              "width": 650,
              "x": 0,
              "y": 405,
              "capInsetsHeight": 0,
              "capInsetsWidth": 0,
              "capInsetsX": 0,
              "capInsetsY": 0,
              "fileName": null,
              "fileNameData": {
                "path": "GuildLableBG.png",
                "plistFile": "UIFrame.plist",
                "resourceType": 1
              },
              "scale9Enable": true,
              "scale9Height": 340,
              "scale9Width": 650
            }
          },
          {
            "classname": "ScrollView",
            "name": null,
            "children": [],
            "options": {
              "__type": "ComGUIScrollViewSurrogate:#EditorCommon.JsonModel.Component.GUI",
              "classname": "ScrollView",
              "name": "Skill_ScrollView",
              "ZOrder": 3,
              "actiontag": 3927,
              "anchorPointX": 0,
              "anchorPointY": 0,
              "classType": null,
              "colorB": 255,
              "colorG": 255,
              "colorR": 255,
              "flipX": false,
              "flipY": false,
              "height": 300,
              "ignoreSize": false,
              "layoutParameter": null,
              "opacity": 255,
              "positionPercentX": -1.59,
              "positionPercentY": 0.46,
              "positionType": 0,
              "rotation": 0,
              "scaleX": 1,
              "scaleY": 1,
              "sizePercentX": 1.665,
              "sizePercentY": 1.5,
              "sizeType": 0,
              "tag": 575,
              "touchAble": true,
              "useMergedTexture": false,
              "visible": true,
              "width": 333,
              "x": -318,
              "y": 92,
              "backGroundImage": null,
              "backGroundImageData": null,
              "backGroundScale9Enable": false,
              "bgColorB": 100,
              "bgColorG": 150,
              "bgColorOpacity": 10,
              "bgColorR": 255,
              "bgEndColorB": 100,
              "bgEndColorG": 150,
              "bgEndColorR": 255,
              "bgStartColorB": 255,
              "bgStartColorG": 255,
              "bgStartColorR": 255,
              "bounceEnable": false,
              "capInsetsHeight": 0,
              "capInsetsWidth": 0,
              "capInsetsX": 0,
              "capInsetsY": 0,
              "clipAble": false,
              "colorType": 0,
              "direction": 1,
              "innerHeight": 300,
              "innerWidth": 333,
              "layoutType": 0,
              "vectorX": 0,
              "vectorY": -0.5
            }
          }
        ],
        "options": {
          "__type": "ComGUIPanelSurrogate:#EditorCommon.JsonModel.Component.GUI",
          "classname": "Panel",
          "name": "MainUi",
          "ZOrder": 2,
          "actiontag": 2083,
          "anchorPointX": 0,
          "anchorPointY": 0,
          "classType": null,
          "colorB": 255,
          "colorG": 255,
          "colorR": 255,
          "flipX": false,
          "flipY": false,
          "height": 200,
          "ignoreSize": false,
          "layoutParameter": null,
          "opacity": 255,
          "positionPercentX": 0.5,
          "positionPercentY": 0,
          "positionType": 1,
          "rotation": 0,
          "scaleX": 1,
          "scaleY": 1,
          "sizePercentX": 0.2777778,
          "sizePercentY": 0.416666657,
          "sizeType": 0,
          "tag": 343,
          "touchAble": true,
          "useMergedTexture": false,
          "visible": true,
          "width": 200,
          "x": 360,
          "y": 0,
          "backGroundImage": null,
          "backGroundImageData": null,
          "backGroundScale9Enable": false,
          "bgColorB": 255,
          "bgColorG": 200,
          "bgColorOpacity": 100,
          "bgColorR": 150,
          "bgEndColorB": 255,
          "bgEndColorG": 200,
          "bgEndColorR": 150,
          "bgStartColorB": 255,
          "bgStartColorG": 255,
          "bgStartColorR": 255,
          "capInsetsHeight": 0,
          "capInsetsWidth": 0,
          "capInsetsX": 0,
          "capInsetsY": 0,
          "clipAble": false,
          "colorType": 0,
          "layoutType": 0,
          "vectorX": 0,
          "vectorY": -0.5
        }
      }
    ],
    "options": {
      "__type": "ComGUIPanelSurrogate:#EditorCommon.JsonModel.Component.GUI",
      "classname": "Panel",
      "name": "Skill_Intro_Panel",
      "ZOrder": 0,
      "actiontag": -1,
      "anchorPointX": 0,
      "anchorPointY": 0,
      "classType": null,
      "colorB": 255,
      "colorG": 255,
      "colorR": 255,
      "flipX": false,
      "flipY": false,
      "height": 480,
      "ignoreSize": false,
      "layoutParameter": null,
      "opacity": 255,
      "positionPercentX": 0,
      "positionPercentY": 0,
      "positionType": 0,
      "rotation": 0,
      "scaleX": 1,
      "scaleY": 1,
      "sizePercentX": 1,
      "sizePercentY": 1,
      "sizeType": 0,
      "tag": 47,
      "touchAble": true,
      "useMergedTexture": false,
      "visible": true,
      "width": 720,
      "x": 0,
      "y": 0,
      "backGroundImage": null,
      "backGroundImageData": null,
      "backGroundScale9Enable": false,
      "bgColorB": 255,
      "bgColorG": 200,
      "bgColorOpacity": 0,
      "bgColorR": 150,
      "bgEndColorB": 255,
      "bgEndColorG": 200,
      "bgEndColorR": 150,
      "bgStartColorB": 255,
      "bgStartColorG": 255,
      "bgStartColorR": 255,
      "capInsetsHeight": 0,
      "capInsetsWidth": 0,
      "capInsetsX": 0,
      "capInsetsY": 0,
      "clipAble": false,
      "colorType": 1,
      "layoutType": 0,
      "vectorX": 0,
      "vectorY": -0.5
    }
  }
}